section,age,group,persons,males,females,source_image
All Religions,Total,POPULATION,762030,389754,372276,Adilabad.png
All Religions,Total,UNMARRIED,284409,161772,122637,Adilabad.png
All Religions,Total,MARRIED,411284,211532,199752,Adilabad.png
All Religions,Total,WIDOWED,66337,16450,49887,Adilabad.png
All Religions,0-1,POPULATION,30033,13323,16710,Adilabad.png
All Religions,0-1,UNMARRIED,29456,13058,16398,Adilabad.png
All Religions,0-1,MARRIED,568,262,306,Adilabad.png
All Religions,0-1,WIDOWED,9,3,6,Adilabad.png
All Religions,1-5,POPULATION,111721,55113,56608,Adilabad.png
All Religions,1-5,UNMARRIED,102722,51668,51054,Adilabad.png
All Religions,1-5,MARRIED,8309,3165,5144,Adilabad.png
All Religions,1-5,WIDOWED,690,280,410,Adilabad.png
All Religions,5-10,POPULATION,99627,53549,46078,Adilabad.png
All Religions,5-10,UNMARRIED,72578,42578,30000,Adilabad.png
All Religions,5-10,MARRIED,25776,10511,15265,Adilabad.png
All Religions,5-10,WIDOWED,1273,460,813,Adilabad.png
All Religions,10-15,POPULATION,83810,44943,38867,Adilabad.png
All Religions,10-15,UNMARRIED,43822,28496,15326,Adilabad.png
All Religions,10-15,MARRIED,38644,16031,22613,Adilabad.png
All Religions,10-15,WIDOWED,1344,416,928,Adilabad.png
All Religions,15-20,POPULATION,66092,32136,33956,Adilabad.png
All Religions,15-20,UNMARRIED,12779,9819,2960,Adilabad.png
All Religions,15-20,MARRIED,51529,21891,29638,Adilabad.png
All Religions,15-20,WIDOWED,1784,426,1358,Adilabad.png
All Religions,20-30,POPULATION,138822,70112,68710,Adilabad.png
All Religions,20-30,UNMARRIED,11802,8747,3055,Adilabad.png
All Religions,20-30,MARRIED,119938,59438,60500,Adilabad.png
All Religions,20-30,WIDOWED,7082,1927,5155,Adilabad.png
All Religions,30-40,POPULATION,100561,53274,47287,Adilabad.png
All Religions,30-40,UNMARRIED,5398,3252,2146,Adilabad.png
All Religions,30-40,MARRIED,83203,47170,36033,Adilabad.png
All Religions,30-40,WIDOWED,11960,2852,9108,Adilabad.png
All Religions,40-50,POPULATION,65940,35430,30510,Adilabad.png
All Religions,40-50,UNMARRIED,3080,2149,931,Adilabad.png
All Religions,40-50,MARRIED,47380,29647,17733,Adilabad.png
All Religions,40-50,WIDOWED,15480,3634,11846,Adilabad.png
All Religions,50-60,POPULATION,37883,19473,18410,Adilabad.png
All Religions,50-60,UNMARRIED,1517,1117,400,Adilabad.png
All Religions,50-60,MARRIED,22572,15018,7554,Adilabad.png
All Religions,50-60,WIDOWED,13794,3338,10456,Adilabad.png
All Religions,60 and over,POPULATION,27541,12401,15140,Adilabad.png
All Religions,60 and over,UNMARRIED,1255,888,367,Adilabad.png
All Religions,60 and over,MARRIED,13365,8399,4966,Adilabad.png
All Religions,60 and over,WIDOWED,12921,3114,9807,Adilabad.png
Hindu (Brahmanic),Total,POPULATION,491088,252021,239067,Adilabad.png
Hindu (Brahmanic),Total,UNMARRIED,176408,101853,74555,Adilabad.png
Hindu (Brahmanic),Total,MARRIED,266090,137930,128160,Adilabad.png
Hindu (Brahmanic),Total,WIDOWED,48590,12238,36352,Adilabad.png
Hindu (Brahmanic),0-1,POPULATION,19817,8495,11322,Adilabad.png
Hindu (Brahmanic),0-1,UNMARRIED,19523,8420,11103,Adilabad.png
Hindu (Brahmanic),0-1,MARRIED,290,72,218,Adilabad.png
Hindu (Brahmanic),0-1,WIDOWED,4,3,1,Adilabad.png
Hindu (Brahmanic),1-5,POPULATION,68375,34289,34086,Adilabad.png
Hindu (Brahmanic),1-5,UNMARRIED,62739,32284,30455,Adilabad.png
Hindu (Brahmanic),1-5,MARRIED,5092,1756,3336,Adilabad.png
Hindu (Brahmanic),1-5,WIDOWED,544,249,295,Adilabad.png
Hindu (Brahmanic),5-10,POPULATION,63081,34742,28339,Adilabad.png
Hindu (Brahmanic),5-10,UNMARRIED,43932,26901,17031,Adilabad.png
Hindu (Brahmanic),5-10,MARRIED,18092,7435,10657,Adilabad.png
Hindu (Brahmanic),5-10,WIDOWED,1057,406,651,Adilabad.png
Hindu (Brahmanic),10-15,POPULATION,54766,29427,25339,Adilabad.png
Hindu (Brahmanic),10-15,UNMARRIED,26217,17264,8953,Adilabad.png
Hindu (Brahmanic),10-15,MARRIED,27461,11821,15640,Adilabad.png
Hindu (Brahmanic),10-15,WIDOWED,1088,342,746,Adilabad.png
Hindu (Brahmanic),15-20,POPULATION,43567,21075,22492,Adilabad.png
Hindu (Brahmanic),15-20,UNMARRIED,7927,5890,2037,Adilabad.png
Hindu (Brahmanic),15-20,MARRIED,34294,14876,19418,Adilabad.png
Hindu (Brahmanic),15-20,WIDOWED,1346,309,1037,Adilabad.png
Hindu (Brahmanic),20-30,POPULATION,89433,45956,43477,Adilabad.png
Hindu (Brahmanic),20-30,UNMARRIED,7759,5612,2147,Adilabad.png
Hindu (Brahmanic),20-30,MARRIED,76293,38922,37371,Adilabad.png
Hindu (Brahmanic),20-30,WIDOWED,5381,1422,3959,Adilabad.png
Hindu (Brahmanic),30-40,POPULATION,65107,34403,30704,Adilabad.png
Hindu (Brahmanic),30-40,UNMARRIED,4221,2485,1736,Adilabad.png
Hindu (Brahmanic),30-40,MARRIED,52131,29786,22345,Adilabad.png
Hindu (Brahmanic),30-40,WIDOWED,8755,2132,6623,Adilabad.png
Hindu (Brahmanic),40-50,POPULATION,43132,23064,20068,Adilabad.png
Hindu (Brahmanic),40-50,UNMARRIED,2310,1548,762,Adilabad.png
Hindu (Brahmanic),40-50,MARRIED,29503,18748,10755,Adilabad.png
Hindu (Brahmanic),40-50,WIDOWED,11319,2768,8551,Adilabad.png
Hindu (Brahmanic),50-60,POPULATION,25075,12568,12507,Adilabad.png
Hindu (Brahmanic),50-60,UNMARRIED,1021,785,236,Adilabad.png
Hindu (Brahmanic),50-60,MARRIED,14247,9370,4877,Adilabad.png
Hindu (Brahmanic),50-60,WIDOWED,9807,2413,7394,Adilabad.png
Hindu (Brahmanic),60 and over,POPULATION,18735,8002,10733,Adilabad.png
Hindu (Brahmanic),60 and over,UNMARRIED,759,664,95,Adilabad.png
Hindu (Brahmanic),60 and over,MARRIED,8687,5144,3543,Adilabad.png
Hindu (Brahmanic),60 and over,WIDOWED,9289,2194,7095,Adilabad.png
Adi Hindu,Total,POPULATION,115554,57843,57711,Adilabad.png
Adi Hindu,Total,UNMARRIED,43825,24025,19800,Adilabad.png
Adi Hindu,Total,MARRIED,63662,32137,31525,Adilabad.png
Adi Hindu,Total,WIDOWED,8067,1681,6386,Adilabad.png
Adi Hindu,0-1,POPULATION,4512,2103,2409,Adilabad.png
Adi Hindu,0-1,UNMARRIED,4468,2084,2384,Adilabad.png
Adi Hindu,0-1,MARRIED,39,19,20,Adilabad.png
Adi Hindu,0-1,WIDOWED,5,0,5,Adilabad.png
Adi Hindu,1-5,POPULATION,18774,8828,9946,Adilabad.png
Adi Hindu,1-5,UNMARRIED,17097,8299,8798,Adilabad.png
Adi Hindu,1-5,MARRIED,1597,524,1073,Adilabad.png
Adi Hindu,1-5,WIDOWED,80,5,75,Adilabad.png
Adi Hindu,5-10,POPULATION,15097,8029,7068,Adilabad.png
Adi Hindu,5-10,UNMARRIED,11613,6627,4986,Adilabad.png
Adi Hindu,5-10,MARRIED,3388,1390,1998,Adilabad.png
Adi Hindu,5-10,WIDOWED,96,12,84,Adilabad.png
Adi Hindu,10-15,POPULATION,12247,6455,5792,Adilabad.png
Adi Hindu,10-15,UNMARRIED,7053,4541,2512,Adilabad.png
Adi Hindu,10-15,MARRIED,5077,1884,3193,Adilabad.png
Adi Hindu,10-15,WIDOWED,117,30,87,Adilabad.png
Adi Hindu,15-20,POPULATION,9825,4865,4960,Adilabad.png
Adi Hindu,15-20,UNMARRIED,1689,1347,342,Adilabad.png
Adi Hindu,15-20,MARRIED,7934,3466,4468,Adilabad.png
Adi Hindu,15-20,WIDOWED,202,52,150,Adilabad.png
Adi Hindu,20-30,POPULATION,21289,10137,11152,Adilabad.png
Adi Hindu,20-30,UNMARRIED,1305,835,470,Adilabad.png
Adi Hindu,20-30,MARRIED,19222,9122,10100,Adilabad.png
Adi Hindu,20-30,WIDOWED,762,180,582,Adilabad.png
Adi Hindu,30-40,POPULATION,15021,7684,7337,Adilabad.png
Adi Hindu,30-40,UNMARRIED,297,164,133,Adilabad.png
Adi Hindu,30-40,MARRIED,13163,7247,5916,Adilabad.png
Adi Hindu,30-40,WIDOWED,1561,273,1288,Adilabad.png
Adi Hindu,40-50,POPULATION,9912,5246,4666,Adilabad.png
Adi Hindu,40-50,UNMARRIED,141,79,62,Adilabad.png
Adi Hindu,40-50,MARRIED,7855,4768,3087,Adilabad.png
Adi Hindu,40-50,WIDOWED,1916,399,1517,Adilabad.png
Adi Hindu,50-60,POPULATION,5438,2840,2598,Adilabad.png
Adi Hindu,50-60,UNMARRIED,100,37,63,Adilabad.png
Adi Hindu,50-60,MARRIED,3558,2428,1130,Adilabad.png
Adi Hindu,50-60,WIDOWED,1780,375,1405,Adilabad.png
Adi Hindu,60 and over,POPULATION,3439,1656,1783,Adilabad.png
Adi Hindu,60 and over,UNMARRIED,62,12,50,Adilabad.png
Adi Hindu,60 and over,MARRIED,1829,1289,540,Adilabad.png
Adi Hindu,60 and over,WIDOWED,1548,355,1193,Adilabad.png
All Religions,Total,POPULATION,499661,253975,245686,Atraf-i-Balda.png
All Religions,Total,UNMARRIED,198212,119097,79115,Atraf-i-Balda.png
All Religions,Total,MARRIED,246108,123332,122776,Atraf-i-Balda.png
All Religions,Total,WIDOWED,55341,11546,43795,Atraf-i-Balda.png
All Religions,0-1,POPULATION,16433,7759,8674,Atraf-i-Balda.png
All Religions,0-1,UNMARRIED,16272,7687,8585,Atraf-i-Balda.png
All Religions,0-1,MARRIED,148,72,76,Atraf-i-Balda.png
All Religions,0-1,WIDOWED,13,0,13,Atraf-i-Balda.png
All Religions,1-5,POPULATION,72365,35697,36668,Atraf-i-Balda.png
All Religions,1-5,UNMARRIED,69642,34716,34926,Atraf-i-Balda.png
All Religions,1-5,MARRIED,2483,936,1547,Atraf-i-Balda.png
All Religions,1-5,WIDOWED,240,45,195,Atraf-i-Balda.png
All Religions,5-10,POPULATION,62029,33324,28705,Atraf-i-Balda.png
All Religions,5-10,UNMARRIED,51524,30750,20774,Atraf-i-Balda.png
All Religions,5-10,MARRIED,10074,2521,7553,Atraf-i-Balda.png
All Religions,5-10,WIDOWED,431,53,378,Atraf-i-Balda.png
All Religions,10-15,POPULATION,50969,27819,23150,Atraf-i-Balda.png
All Religions,10-15,UNMARRIED,34664,23716,10948,Atraf-i-Balda.png
All Religions,10-15,MARRIED,15778,4023,11755,Atraf-i-Balda.png
All Religions,10-15,WIDOWED,527,80,447,Atraf-i-Balda.png
All Religions,15-20,POPULATION,37764,18258,19506,Atraf-i-Balda.png
All Religions,15-20,UNMARRIED,12176,10660,1516,Atraf-i-Balda.png
All Religions,15-20,MARRIED,24485,7352,17133,Atraf-i-Balda.png
All Religions,15-20,WIDOWED,1103,246,857,Atraf-i-Balda.png
All Religions,20-30,POPULATION,83291,38033,45258,Atraf-i-Balda.png
All Religions,20-30,UNMARRIED,10072,8831,1241,Atraf-i-Balda.png
All Religions,20-30,MARRIED,67965,28130,39835,Atraf-i-Balda.png
All Religions,20-30,WIDOWED,5254,1072,4182,Atraf-i-Balda.png
All Religions,30-40,POPULATION,69649,36458,33191,Atraf-i-Balda.png
All Religions,30-40,UNMARRIED,2161,1612,549,Atraf-i-Balda.png
All Religions,30-40,MARRIED,58153,33261,24892,Atraf-i-Balda.png
All Religions,30-40,WIDOWED,9335,1585,7750,Atraf-i-Balda.png
All Religions,40-50,POPULATION,50180,26892,23288,Atraf-i-Balda.png
All Religions,40-50,UNMARRIED,904,608,296,Atraf-i-Balda.png
All Religions,40-50,MARRIED,36343,23920,12423,Atraf-i-Balda.png
All Religions,40-50,WIDOWED,12933,2364,10569,Atraf-i-Balda.png
All Religions,50-60,POPULATION,31115,16526,14589,Atraf-i-Balda.png
All Religions,50-60,UNMARRIED,494,335,159,Atraf-i-Balda.png
All Religions,50-60,MARRIED,18587,13593,4994,Atraf-i-Balda.png
All Religions,50-60,WIDOWED,12034,2598,9436,Atraf-i-Balda.png
All Religions,60 and over,POPULATION,25866,13209,12657,Atraf-i-Balda.png
All Religions,60 and over,UNMARRIED,303,182,121,Atraf-i-Balda.png
All Religions,60 and over,MARRIED,12092,9524,2568,Atraf-i-Balda.png
All Religions,60 and over,WIDOWED,13471,3503,9968,Atraf-i-Balda.png
Hindu (Brahmanic),Total,POPULATION,333919,169509,164410,Atraf-i-Balda.png
Hindu (Brahmanic),Total,UNMARRIED,132125,80537,51588,Atraf-i-Balda.png
Hindu (Brahmanic),Total,MARRIED,162423,80802,81621,Atraf-i-Balda.png
Hindu (Brahmanic),Total,WIDOWED,39371,8170,31201,Atraf-i-Balda.png
Hindu (Brahmanic),0-1,POPULATION,10659,5071,5588,Atraf-i-Balda.png
Hindu (Brahmanic),0-1,UNMARRIED,10585,5009,5576,Atraf-i-Balda.png
Hindu (Brahmanic),0-1,MARRIED,69,62,7,Atraf-i-Balda.png
Hindu (Brahmanic),0-1,WIDOWED,5,0,5,Atraf-i-Balda.png
Hindu (Brahmanic),1-5,POPULATION,47535,23888,23647,Atraf-i-Balda.png
Hindu (Brahmanic),1-5,UNMARRIED,45790,23210,22580,Atraf-i-Balda.png
Hindu (Brahmanic),1-5,MARRIED,1624,666,958,Atraf-i-Balda.png
Hindu (Brahmanic),1-5,WIDOWED,121,12,109,Atraf-i-Balda.png
Hindu (Brahmanic),5-10,POPULATION,42644,23125,19519,Atraf-i-Balda.png
Hindu (Brahmanic),5-10,UNMARRIED,35657,21405,14252,Atraf-i-Balda.png
Hindu (Brahmanic),5-10,MARRIED,6666,1678,4988,Atraf-i-Balda.png
Hindu (Brahmanic),5-10,WIDOWED,321,42,279,Atraf-i-Balda.png
Hindu (Brahmanic),10-15,POPULATION,34734,19253,15481,Atraf-i-Balda.png
Hindu (Brahmanic),10-15,UNMARRIED,23742,16635,7107,Atraf-i-Balda.png
Hindu (Brahmanic),10-15,MARRIED,10595,2555,8040,Atraf-i-Balda.png
Hindu (Brahmanic),10-15,WIDOWED,397,63,334,Atraf-i-Balda.png
Hindu (Brahmanic),15-20,POPULATION,24333,12208,12125,Atraf-i-Balda.png
Hindu (Brahmanic),15-20,UNMARRIED,7702,7032,670,Atraf-i-Balda.png
Hindu (Brahmanic),15-20,MARRIED,15803,4983,10820,Atraf-i-Balda.png
Hindu (Brahmanic),15-20,WIDOWED,828,193,635,Atraf-i-Balda.png
Hindu (Brahmanic),20-30,POPULATION,53857,23515,30342,Atraf-i-Balda.png
Hindu (Brahmanic),20-30,UNMARRIED,6318,5638,680,Atraf-i-Balda.png
Hindu (Brahmanic),20-30,MARRIED,43674,17059,26615,Atraf-i-Balda.png
Hindu (Brahmanic),20-30,WIDOWED,3865,818,3047,Atraf-i-Balda.png
Hindu (Brahmanic),30-40,POPULATION,46940,24148,22792,Atraf-i-Balda.png
Hindu (Brahmanic),30-40,UNMARRIED,1241,880,361,Atraf-i-Balda.png
Hindu (Brahmanic),30-40,MARRIED,39126,22157,16969,Atraf-i-Balda.png
Hindu (Brahmanic),30-40,WIDOWED,6573,1111,5462,Atraf-i-Balda.png
Hindu (Brahmanic),40-50,POPULATION,34463,18526,15937,Atraf-i-Balda.png
Hindu (Brahmanic),40-50,UNMARRIED,583,402,181,Atraf-i-Balda.png
Hindu (Brahmanic),40-50,MARRIED,24647,16437,8210,Atraf-i-Balda.png
Hindu (Brahmanic),40-50,WIDOWED,9233,1687,7546,Atraf-i-Balda.png
Hindu (Brahmanic),50-60,POPULATION,21239,11118,10121,Atraf-i-Balda.png
Hindu (Brahmanic),50-60,UNMARRIED,320,217,103,Atraf-i-Balda.png
Hindu (Brahmanic),50-60,MARRIED,12294,9006,3288,Atraf-i-Balda.png
Hindu (Brahmanic),50-60,WIDOWED,8625,1895,6730,Atraf-i-Balda.png
Hindu (Brahmanic),60 and over,POPULATION,17515,8657,8858,Atraf-i-Balda.png
Hindu (Brahmanic),60 and over,UNMARRIED,187,109,78,Atraf-i-Balda.png
Hindu (Brahmanic),60 and over,MARRIED,7925,6199,1726,Atraf-i-Balda.png
Hindu (Brahmanic),60 and over,WIDOWED,9403,2349,7054,Atraf-i-Balda.png
Adi Hindu,Total,POPULATION,98366,50243,48123,Atraf-i-Balda.png
Adi Hindu,Total,UNMARRIED,41056,24266,16790,Atraf-i-Balda.png
Adi Hindu,Total,MARRIED,47713,23853,23860,Atraf-i-Balda.png
Adi Hindu,Total,WIDOWED,9597,2124,7473,Atraf-i-Balda.png
Adi Hindu,0-1,POPULATION,3475,1687,1788,Atraf-i-Balda.png
Adi Hindu,0-1,UNMARRIED,3451,1680,1771,Atraf-i-Balda.png
Adi Hindu,0-1,MARRIED,18,7,11,Atraf-i-Balda.png
Adi Hindu,0-1,WIDOWED,6,0,6,Atraf-i-Balda.png
Adi Hindu,1-5,POPULATION,15913,7484,8429,Atraf-i-Balda.png
Adi Hindu,1-5,UNMARRIED,15412,7336,8076,Atraf-i-Balda.png
Adi Hindu,1-5,MARRIED,444,146,298,Atraf-i-Balda.png
Adi Hindu,1-5,WIDOWED,57,2,55,Atraf-i-Balda.png
Adi Hindu,5-10,POPULATION,13164,6886,6278,Atraf-i-Balda.png
Adi Hindu,5-10,UNMARRIED,10809,6467,4342,Atraf-i-Balda.png
Adi Hindu,5-10,MARRIED,2292,411,1881,Atraf-i-Balda.png
Adi Hindu,5-10,WIDOWED,63,8,55,Atraf-i-Balda.png
Adi Hindu,10-15,POPULATION,10158,5862,4296,Atraf-i-Balda.png
Adi Hindu,10-15,UNMARRIED,6990,5012,1978,Atraf-i-Balda.png
Adi Hindu,10-15,MARRIED,3093,842,2251,Atraf-i-Balda.png
Adi Hindu,10-15,WIDOWED,75,8,67,Atraf-i-Balda.png
Adi Hindu,15-20,POPULATION,7030,3220,3810,Atraf-i-Balda.png
Adi Hindu,15-20,UNMARRIED,2172,2016,156,Atraf-i-Balda.png
Adi Hindu,15-20,MARRIED,4689,1174,3515,Atraf-i-Balda.png
Adi Hindu,15-20,WIDOWED,169,30,139,Atraf-i-Balda.png
Adi Hindu,20-30,POPULATION,15858,7499,8359,Atraf-i-Balda.png
Adi Hindu,20-30,UNMARRIED,1547,1332,215,Atraf-i-Balda.png
Adi Hindu,20-30,MARRIED,13437,6002,7435,Atraf-i-Balda.png
Adi Hindu,20-30,WIDOWED,874,165,709,Atraf-i-Balda.png
Adi Hindu,30-40,POPULATION,13225,7241,5984,Atraf-i-Balda.png
Adi Hindu,30-40,UNMARRIED,344,218,126,Atraf-i-Balda.png
Adi Hindu,30-40,MARRIED,11152,6720,4432,Atraf-i-Balda.png
Adi Hindu,30-40,WIDOWED,1729,303,1426,Atraf-i-Balda.png
Adi Hindu,40-50,POPULATION,8958,4517,4441,Atraf-i-Balda.png
Adi Hindu,40-50,UNMARRIED,172,105,67,Atraf-i-Balda.png
Adi Hindu,40-50,MARRIED,6568,3984,2584,Atraf-i-Balda.png
Adi Hindu,40-50,WIDOWED,2218,428,1790,Atraf-i-Balda.png
Adi Hindu,50-60,POPULATION,5811,3213,2598,Atraf-i-Balda.png
Adi Hindu,50-60,UNMARRIED,102,69,33,Atraf-i-Balda.png
Adi Hindu,50-60,MARRIED,3684,2682,1002,Atraf-i-Balda.png
Adi Hindu,50-60,WIDOWED,2025,462,1563,Atraf-i-Balda.png
Adi Hindu,60 and over,POPULATION,4774,2634,2140,Atraf-i-Balda.png
Adi Hindu,60 and over,UNMARRIED,57,31,26,Atraf-i-Balda.png
Adi Hindu,60 and over,MARRIED,2336,1885,451,Atraf-i-Balda.png
Adi Hindu,60 and over,WIDOWED,2381,718,1663,Atraf-i-Balda.png
All Religions,Total,POPULATION,944793,480498,464295,Aurangabad.png
All Religions,Total,UNMARRIED,335575,194579,140996,Aurangabad.png
All Religions,Total,MARRIED,531071,266654,264417,Aurangabad.png
All Religions,Total,WIDOWED,78147,19265,58882,Aurangabad.png
All Religions,0-1,POPULATION,28555,13941,14614,Aurangabad.png
All Religions,0-1,UNMARRIED,27813,13632,14181,Aurangabad.png
All Religions,0-1,MARRIED,713,306,407,Aurangabad.png
All Religions,0-1,WIDOWED,29,3,26,Aurangabad.png
All Religions,1-5,POPULATION,126367,64182,62185,Aurangabad.png
All Religions,1-5,UNMARRIED,115759,59052,56707,Aurangabad.png
All Religions,1-5,MARRIED,10474,5081,5393,Aurangabad.png
All Religions,1-5,WIDOWED,134,49,85,Aurangabad.png
All Religions,5-10,POPULATION,120491,62636,57855,Aurangabad.png
All Religions,5-10,UNMARRIED,88021,49922,38099,Aurangabad.png
All Religions,5-10,MARRIED,31911,12517,19394,Aurangabad.png
All Religions,5-10,WIDOWED,559,197,362,Aurangabad.png
All Religions,10-15,POPULATION,106672,54727,51945,Aurangabad.png
All Religions,10-15,UNMARRIED,58521,37127,21394,Aurangabad.png
All Religions,10-15,MARRIED,47135,17302,29833,Aurangabad.png
All Religions,10-15,WIDOWED,1016,298,718,Aurangabad.png
All Religions,15-20,POPULATION,87004,41359,45645,Aurangabad.png
All Religions,15-20,UNMARRIED,18697,15027,3670,Aurangabad.png
All Religions,15-20,MARRIED,66556,25943,40613,Aurangabad.png
All Religions,15-20,WIDOWED,1751,389,1362,Aurangabad.png
All Religions,20-30,POPULATION,171411,85906,85505,Aurangabad.png
All Religions,20-30,UNMARRIED,17829,13965,3864,Aurangabad.png
All Religions,20-30,MARRIED,146845,70129,76716,Aurangabad.png
All Religions,20-30,WIDOWED,6737,1812,4925,Aurangabad.png
All Religions,30-40,POPULATION,127118,66141,60977,Aurangabad.png
All Religions,30-40,UNMARRIED,4542,3185,1357,Aurangabad.png
All Religions,30-40,MARRIED,108674,59451,49223,Aurangabad.png
All Religions,30-40,WIDOWED,13902,3505,10397,Aurangabad.png
All Religions,40-50,POPULATION,86284,45686,40598,Aurangabad.png
All Religions,40-50,UNMARRIED,2468,1445,1023,Aurangabad.png
All Religions,40-50,MARRIED,64465,39478,24987,Aurangabad.png
All Religions,40-50,WIDOWED,19351,4763,14588,Aurangabad.png
All Religions,50-60,POPULATION,52714,27162,25552,Aurangabad.png
All Religions,50-60,UNMARRIED,955,600,355,Aurangabad.png
All Religions,50-60,MARRIED,33827,22361,11466,Aurangabad.png
All Religions,50-60,WIDOWED,17932,4201,13731,Aurangabad.png
All Religions,60 and over,POPULATION,38177,18758,19419,Aurangabad.png
All Religions,60 and over,UNMARRIED,970,624,346,Aurangabad.png
All Religions,60 and over,MARRIED,20471,14086,6385,Aurangabad.png
All Religions,60 and over,WIDOWED,16736,4048,12688,Aurangabad.png
Hindu (Brahmanic),0-1,POPULATION,19199,9420,9779,Aurangabad.png
Hindu (Brahmanic),0-1,UNMARRIED,18701,9193,9508,Aurangabad.png
Hindu (Brahmanic),0-1,MARRIED,471,225,246,Aurangabad.png
Hindu (Brahmanic),0-1,WIDOWED,27,2,25,Aurangabad.png
Hindu (Brahmanic),1-5,POPULATION,83903,43090,40813,Aurangabad.png
Hindu (Brahmanic),1-5,UNMARRIED,76860,39846,37014,Aurangabad.png
Hindu (Brahmanic),1-5,MARRIED,6956,3218,3738,Aurangabad.png
Hindu (Brahmanic),1-5,WIDOWED,87,26,61,Aurangabad.png
Hindu (Brahmanic),5-10,POPULATION,80346,41519,38827,Aurangabad.png
Hindu (Brahmanic),5-10,UNMARRIED,56677,32800,23877,Aurangabad.png
Hindu (Brahmanic),5-10,MARRIED,23241,8570,14671,Aurangabad.png
Hindu (Brahmanic),5-10,WIDOWED,428,149,279,Aurangabad.png
Hindu (Brahmanic),10-15,POPULATION,71054,36795,34259,Aurangabad.png
Hindu (Brahmanic),10-15,UNMARRIED,37353,24833,12520,Aurangabad.png
Hindu (Brahmanic),10-15,MARRIED,32878,11748,21130,Aurangabad.png
Hindu (Brahmanic),10-15,WIDOWED,823,214,609,Aurangabad.png
Hindu (Brahmanic),15-20,POPULATION,58810,27681,31129,Aurangabad.png
Hindu (Brahmanic),15-20,UNMARRIED,11490,9538,1952,Aurangabad.png
Hindu (Brahmanic),15-20,MARRIED,46054,17843,28211,Aurangabad.png
Hindu (Brahmanic),15-20,WIDOWED,1266,300,966,Aurangabad.png
Hindu (Brahmanic),20-30,POPULATION,118152,59347,58805,Aurangabad.png
Hindu (Brahmanic),20-30,UNMARRIED,11474,8983,2491,Aurangabad.png
Hindu (Brahmanic),20-30,MARRIED,101614,49073,52541,Aurangabad.png
Hindu (Brahmanic),20-30,WIDOWED,5064,1291,3773,Aurangabad.png
Hindu (Brahmanic),30-40,POPULATION,87099,44706,42393,Aurangabad.png
Hindu (Brahmanic),30-40,UNMARRIED,2803,1800,1003,Aurangabad.png
Hindu (Brahmanic),30-40,MARRIED,74328,40583,33745,Aurangabad.png
Hindu (Brahmanic),30-40,WIDOWED,9968,2323,7645,Aurangabad.png
Hindu (Brahmanic),40-50,POPULATION,60234,31554,28680,Aurangabad.png
Hindu (Brahmanic),40-50,UNMARRIED,1575,900,675,Aurangabad.png
Hindu (Brahmanic),40-50,MARRIED,44476,27068,17408,Aurangabad.png
Hindu (Brahmanic),40-50,WIDOWED,14183,3586,10597,Aurangabad.png
Hindu (Brahmanic),50-60,POPULATION,36835,18510,18325,Aurangabad.png
Hindu (Brahmanic),50-60,UNMARRIED,608,378,230,Aurangabad.png
Hindu (Brahmanic),50-60,MARRIED,23338,15075,8263,Aurangabad.png
Hindu (Brahmanic),50-60,WIDOWED,12889,3057,9832,Aurangabad.png
Hindu (Brahmanic),60 and over,POPULATION,25582,12635,12947,Aurangabad.png
Hindu (Brahmanic),60 and over,UNMARRIED,543,424,119,Aurangabad.png
Hindu (Brahmanic),60 and over,MARRIED,13143,9247,3896,Aurangabad.png
Hindu (Brahmanic),60 and over,WIDOWED,11896,2964,8932,Aurangabad.png
Hindu (Brahmanic),Total,POPULATION,641214,325257,315957,Aurangabad.png
Hindu (Brahmanic),Total,UNMARRIED,218084,128695,89389,Aurangabad.png
Hindu (Brahmanic),Total,MARRIED,366499,182620,183879,Aurangabad.png
Hindu (Brahmanic),Total,WIDOWED,56631,13942,42689,Aurangabad.png
Adi Hindu,Total,POPULATION,140336,70323,70013,Aurangabad.png
Adi Hindu,Total,UNMARRIED,49538,26560,22978,Aurangabad.png
Adi Hindu,Total,MARRIED,81177,41299,39878,Aurangabad.png
Adi Hindu,Total,WIDOWED,9621,2464,7157,Aurangabad.png
Adi Hindu,0-1,POPULATION,4507,2205,2302,Aurangabad.png
Adi Hindu,0-1,UNMARRIED,4360,2172,2188,Aurangabad.png
Adi Hindu,0-1,MARRIED,146,32,114,Aurangabad.png
Adi Hindu,0-1,WIDOWED,1,1,0,Aurangabad.png
Adi Hindu,1-5,POPULATION,20120,10056,10064,Aurangabad.png
Adi Hindu,1-5,UNMARRIED,18625,9314,9311,Aurangabad.png
Adi Hindu,1-5,MARRIED,1472,727,745,Aurangabad.png
Adi Hindu,1-5,WIDOWED,23,15,8,Aurangabad.png
Adi Hindu,5-10,POPULATION,17600,8768,8832,Aurangabad.png
Adi Hindu,5-10,UNMARRIED,13532,7246,6286,Aurangabad.png
Adi Hindu,5-10,MARRIED,3991,1492,2499,Aurangabad.png
Adi Hindu,5-10,WIDOWED,77,30,47,Aurangabad.png
Adi Hindu,10-15,POPULATION,15906,7676,8230,Aurangabad.png
Adi Hindu,10-15,UNMARRIED,8359,5000,3359,Aurangabad.png
Adi Hindu,10-15,MARRIED,7450,2648,4802,Aurangabad.png
Adi Hindu,10-15,WIDOWED,97,28,69,Aurangabad.png
Adi Hindu,15-20,POPULATION,12344,5511,6833,Aurangabad.png
Adi Hindu,15-20,UNMARRIED,2186,1464,722,Aurangabad.png
Adi Hindu,15-20,MARRIED,10000,4007,5993,Aurangabad.png
Adi Hindu,15-20,WIDOWED,158,40,118,Aurangabad.png
Adi Hindu,20-30,POPULATION,24218,12116,12102,Aurangabad.png
Adi Hindu,20-30,UNMARRIED,1524,831,693,Aurangabad.png
Adi Hindu,20-30,MARRIED,21944,11066,10878,Aurangabad.png
Adi Hindu,20-30,WIDOWED,750,219,531,Aurangabad.png
Adi Hindu,30-40,POPULATION,19428,10186,9242,Aurangabad.png
Adi Hindu,30-40,UNMARRIED,377,237,140,Aurangabad.png
Adi Hindu,30-40,MARRIED,17089,9347,7742,Aurangabad.png
Adi Hindu,30-40,WIDOWED,1962,602,1360,Aurangabad.png
Adi Hindu,40-50,POPULATION,12995,6830,6165,Aurangabad.png
Adi Hindu,40-50,UNMARRIED,334,181,153,Aurangabad.png
Adi Hindu,40-50,MARRIED,10167,6044,4123,Aurangabad.png
Adi Hindu,40-50,WIDOWED,2494,605,1889,Aurangabad.png
Adi Hindu,50-60,POPULATION,7684,4102,3582,Aurangabad.png
Adi Hindu,50-60,UNMARRIED,120,45,75,Aurangabad.png
Adi Hindu,50-60,MARRIED,5387,3526,1861,Aurangabad.png
Adi Hindu,50-60,WIDOWED,2177,531,1646,Aurangabad.png
Adi Hindu,60 and over,POPULATION,5534,2873,2661,Aurangabad.png
Adi Hindu,60 and over,UNMARRIED,121,70,51,Aurangabad.png
Adi Hindu,60 and over,MARRIED,3531,2410,1121,Aurangabad.png
Adi Hindu,60 and over,WIDOWED,1882,393,1489,Aurangabad.png
Muslim,Total,POPULATION,124441,65065,59376,Aurangabad.png
Muslim,Total,UNMARRIED,52487,30642,21845,Aurangabad.png
Muslim,Total,MARRIED,62642,32216,30426,Aurangabad.png
Muslim,Total,WIDOWED,9312,2207,7105,Aurangabad.png
Muslim,0-1,POPULATION,3602,1755,1847,Aurangabad.png
Muslim,0-1,UNMARRIED,3540,1722,1818,Aurangabad.png
Muslim,0-1,MARRIED,61,33,28,Aurangabad.png
Muslim,0-1,WIDOWED,1,0,1,Aurangabad.png
Muslim,1-5,POPULATION,16402,8431,7971,Aurangabad.png
Muslim,1-5,UNMARRIED,14972,7586,7386,Aurangabad.png
Muslim,1-5,MARRIED,1415,842,573,Aurangabad.png
Muslim,1-5,WIDOWED,15,3,12,Aurangabad.png
Muslim,5-10,POPULATION,17219,9462,7757,Aurangabad.png
Muslim,5-10,UNMARRIED,13688,7450,6238,Aurangabad.png
Muslim,5-10,MARRIED,3497,2001,1496,Aurangabad.png
Muslim,5-10,WIDOWED,34,11,23,Aurangabad.png
Muslim,10-15,POPULATION,15214,7845,7369,Aurangabad.png
Muslim,10-15,UNMARRIED,10256,5636,4620,Aurangabad.png
Muslim,10-15,MARRIED,4883,2191,2692,Aurangabad.png
Muslim,10-15,WIDOWED,75,18,57,Aurangabad.png
Muslim,15-20,POPULATION,12225,6345,5880,Aurangabad.png
Muslim,15-20,UNMARRIED,4122,3281,841,Aurangabad.png
Muslim,15-20,MARRIED,7827,3029,4798,Aurangabad.png
Muslim,15-20,WIDOWED,276,35,241,Aurangabad.png
Muslim,20-30,POPULATION,22214,10897,11317,Aurangabad.png
Muslim,20-30,UNMARRIED,3984,3467,517,Aurangabad.png
Muslim,20-30,MARRIED,17511,7182,10329,Aurangabad.png
Muslim,20-30,WIDOWED,719,248,471,Aurangabad.png
Muslim,30-40,POPULATION,15612,8564,7048,Aurangabad.png
Muslim,30-40,UNMARRIED,1127,949,178,Aurangabad.png
Muslim,30-40,MARRIED,12924,7173,5751,Aurangabad.png
Muslim,30-40,WIDOWED,1561,442,1119,Aurangabad.png
Muslim,40-50,POPULATION,9977,5670,4307,Aurangabad.png
Muslim,40-50,UNMARRIED,371,292,79,Aurangabad.png
Muslim,40-50,MARRIED,7519,4929,2590,Aurangabad.png
Muslim,40-50,WIDOWED,2087,449,1638,Aurangabad.png
Muslim,50-60,POPULATION,6352,3535,2817,Aurangabad.png
Muslim,50-60,UNMARRIED,187,144,43,Aurangabad.png
Muslim,50-60,MARRIED,3957,2942,1015,Aurangabad.png
Muslim,50-60,WIDOWED,2208,449,1759,Aurangabad.png
Muslim,60 and over,POPULATION,5624,2561,3063,Aurangabad.png
Muslim,60 and over,UNMARRIED,240,115,125,Aurangabad.png
Muslim,60 and over,MARRIED,3048,1894,1154,Aurangabad.png
Muslim,60 and over,WIDOWED,2336,552,1784,Aurangabad.png
All Religions,Total,POPULATION,873615,446256,427359,Bidar.png
All Religions,Total,UNMARRIED,317618,171157,146461,Bidar.png
All Religions,Total,MARRIED,471962,246734,225228,Bidar.png
All Religions,Total,WIDOWED,84035,28365,55670,Bidar.png
All Religions,0-1,POPULATION,37291,14666,22625,Bidar.png
All Religions,0-1,UNMARRIED,36654,14353,22301,Bidar.png
All Religions,0-1,MARRIED,617,309,308,Bidar.png
All Religions,0-1,WIDOWED,20,4,16,Bidar.png
All Religions,1-5,POPULATION,138166,65760,72406,Bidar.png
All Religions,1-5,UNMARRIED,124162,58464,65698,Bidar.png
All Religions,1-5,MARRIED,13312,6926,6386,Bidar.png
All Religions,1-5,WIDOWED,692,370,322,Bidar.png
All Religions,5-10,POPULATION,103377,52652,50725,Bidar.png
All Religions,5-10,UNMARRIED,72047,40251,31796,Bidar.png
All Religions,5-10,MARRIED,30057,11783,18274,Bidar.png
All Religions,5-10,WIDOWED,1273,618,655,Bidar.png
All Religions,10-15,POPULATION,91821,49381,42440,Bidar.png
All Religions,10-15,UNMARRIED,47231,31200,16031,Bidar.png
All Religions,10-15,MARRIED,43097,17451,25646,Bidar.png
All Religions,10-15,WIDOWED,1493,730,763,Bidar.png
All Religions,15-20,POPULATION,74122,37342,36780,Bidar.png
All Religions,15-20,UNMARRIED,17155,13550,3605,Bidar.png
All Religions,15-20,MARRIED,54900,22954,31946,Bidar.png
All Religions,15-20,WIDOWED,2067,838,1229,Bidar.png
All Religions,20-30,POPULATION,144075,73408,70667,Bidar.png
All Religions,20-30,UNMARRIED,12639,9044,3595,Bidar.png
All Religions,20-30,MARRIED,123377,61523,61854,Bidar.png
All Religions,20-30,WIDOWED,8059,2841,5218,Bidar.png
All Religions,30-40,POPULATION,113126,60032,53094,Bidar.png
All Religions,30-40,UNMARRIED,3761,2060,1701,Bidar.png
All Religions,30-40,MARRIED,95057,53503,41554,Bidar.png
All Religions,30-40,WIDOWED,14308,4469,9839,Bidar.png
All Religions,40-50,POPULATION,79002,43232,35770,Bidar.png
All Religions,40-50,UNMARRIED,1888,987,901,Bidar.png
All Religions,40-50,MARRIED,58045,36147,21898,Bidar.png
All Religions,40-50,WIDOWED,19069,6098,12971,Bidar.png
All Religions,50-60,POPULATION,51767,28596,23171,Bidar.png
All Religions,50-60,UNMARRIED,1091,594,497,Bidar.png
All Religions,50-60,MARRIED,32660,22132,10528,Bidar.png
All Religions,50-60,WIDOWED,18016,5870,12146,Bidar.png
All Religions,60 and over,POPULATION,40868,21187,19681,Bidar.png
All Religions,60 and over,UNMARRIED,990,654,336,Bidar.png
All Religions,60 and over,MARRIED,20840,14006,6834,Bidar.png
All Religions,60 and over,WIDOWED,19038,6527,12511,Bidar.png
Hindu (Brahmanic),Total,POPULATION,554768,284718,270050,Bidar.png
Hindu (Brahmanic),Total,UNMARRIED,190842,101659,89183,Bidar.png
Hindu (Brahmanic),Total,MARRIED,304977,161930,143047,Bidar.png
Hindu (Brahmanic),Total,WIDOWED,58949,21129,37820,Bidar.png
Hindu (Brahmanic),0-1,POPULATION,23686,9419,14267,Bidar.png
Hindu (Brahmanic),0-1,UNMARRIED,23343,9303,14040,Bidar.png
Hindu (Brahmanic),0-1,MARRIED,327,112,215,Bidar.png
Hindu (Brahmanic),0-1,WIDOWED,16,4,12,Bidar.png
Hindu (Brahmanic),1-5,POPULATION,86196,39023,47173,Bidar.png
Hindu (Brahmanic),1-5,UNMARRIED,76781,34020,42761,Bidar.png
Hindu (Brahmanic),1-5,MARRIED,8906,4692,4214,Bidar.png
Hindu (Brahmanic),1-5,WIDOWED,509,311,198,Bidar.png
Hindu (Brahmanic),5-10,POPULATION,61543,32591,28952,Bidar.png
Hindu (Brahmanic),5-10,UNMARRIED,41655,23661,17994,Bidar.png
Hindu (Brahmanic),5-10,MARRIED,18923,8413,10510,Bidar.png
Hindu (Brahmanic),5-10,WIDOWED,965,517,448,Bidar.png
Hindu (Brahmanic),10-15,POPULATION,57399,31723,25676,Bidar.png
Hindu (Brahmanic),10-15,UNMARRIED,27690,18944,8746,Bidar.png
Hindu (Brahmanic),10-15,MARRIED,28637,12208,16429,Bidar.png
Hindu (Brahmanic),10-15,WIDOWED,1072,571,501,Bidar.png
Hindu (Brahmanic),15-20,POPULATION,46550,23409,23141,Bidar.png
Hindu (Brahmanic),15-20,UNMARRIED,9703,7825,1878,Bidar.png
Hindu (Brahmanic),15-20,MARRIED,35410,14939,20471,Bidar.png
Hindu (Brahmanic),15-20,WIDOWED,1437,645,792,Bidar.png
Hindu (Brahmanic),20-30,POPULATION,90532,46376,44156,Bidar.png
Hindu (Brahmanic),20-30,UNMARRIED,7076,5173,1903,Bidar.png
Hindu (Brahmanic),20-30,MARRIED,77705,39022,38683,Bidar.png
Hindu (Brahmanic),20-30,WIDOWED,5751,2181,3570,Bidar.png
Hindu (Brahmanic),30-40,POPULATION,74116,40065,34051,Bidar.png
Hindu (Brahmanic),30-40,UNMARRIED,2254,1290,964,Bidar.png
Hindu (Brahmanic),30-40,MARRIED,61506,35254,26252,Bidar.png
Hindu (Brahmanic),30-40,WIDOWED,10356,3521,6835,Bidar.png
Hindu (Brahmanic),40-50,POPULATION,52907,28985,23922,Bidar.png
Hindu (Brahmanic),40-50,UNMARRIED,1060,594,466,Bidar.png
Hindu (Brahmanic),40-50,MARRIED,38271,23806,14465,Bidar.png
Hindu (Brahmanic),40-50,WIDOWED,13576,4585,8991,Bidar.png
Hindu (Brahmanic),50-60,POPULATION,35119,19625,15494,Bidar.png
Hindu (Brahmanic),50-60,UNMARRIED,663,386,277,Bidar.png
Hindu (Brahmanic),50-60,MARRIED,21918,15062,6856,Bidar.png
Hindu (Brahmanic),50-60,WIDOWED,12538,4177,8361,Bidar.png
Hindu (Brahmanic),60 and over,POPULATION,26720,13502,13218,Bidar.png
Hindu (Brahmanic),60 and over,UNMARRIED,617,463,154,Bidar.png
Hindu (Brahmanic),60 and over,MARRIED,13374,8422,4952,Bidar.png
Hindu (Brahmanic),60 and over,WIDOWED,12729,4617,8112,Bidar.png
Adi Hindu,Total,POPULATION,163143,81971,81172,Bidar.png
Adi Hindu,Total,UNMARRIED,56426,31744,24682,Bidar.png
Adi Hindu,Total,MARRIED,93203,46128,47075,Bidar.png
Adi Hindu,Total,WIDOWED,13514,4099,9415,Bidar.png
Adi Hindu,0-1,POPULATION,6010,2749,3261,Bidar.png
Adi Hindu,0-1,UNMARRIED,5843,2635,3208,Bidar.png
Adi Hindu,0-1,MARRIED,164,114,50,Bidar.png
Adi Hindu,0-1,WIDOWED,3,0,3,Bidar.png
Adi Hindu,1-5,POPULATION,27240,15092,12148,Bidar.png
Adi Hindu,1-5,UNMARRIED,24458,13566,10892,Bidar.png
Adi Hindu,1-5,MARRIED,2649,1500,1149,Bidar.png
Adi Hindu,1-5,WIDOWED,133,26,107,Bidar.png
Adi Hindu,5-10,POPULATION,21914,10031,11883,Bidar.png
Adi Hindu,5-10,UNMARRIED,14135,7885,6250,Bidar.png
Adi Hindu,5-10,MARRIED,7558,2082,5476,Bidar.png
Adi Hindu,5-10,WIDOWED,221,64,157,Bidar.png
Adi Hindu,10-15,POPULATION,16588,8084,8504,Bidar.png
Adi Hindu,10-15,UNMARRIED,7838,4968,2870,Bidar.png
Adi Hindu,10-15,MARRIED,8442,2994,5448,Bidar.png
Adi Hindu,10-15,WIDOWED,308,122,186,Bidar.png
Adi Hindu,15-20,POPULATION,13398,6129,7269,Bidar.png
Adi Hindu,15-20,UNMARRIED,2011,1452,559,Bidar.png
Adi Hindu,15-20,MARRIED,10944,4539,6405,Bidar.png
Adi Hindu,15-20,WIDOWED,443,138,305,Bidar.png
Adi Hindu,20-30,POPULATION,27731,13420,14311,Bidar.png
Adi Hindu,20-30,UNMARRIED,1317,832,485,Bidar.png
Adi Hindu,20-30,MARRIED,25060,12167,12893,Bidar.png
Adi Hindu,20-30,WIDOWED,1354,421,933,Bidar.png
Adi Hindu,30-40,POPULATION,21261,10532,10729,Bidar.png
Adi Hindu,30-40,UNMARRIED,374,176,198,Bidar.png
Adi Hindu,30-40,MARRIED,18675,9808,8867,Bidar.png
Adi Hindu,30-40,WIDOWED,2212,548,1664,Bidar.png
Adi Hindu,40-50,POPULATION,13938,7753,6185,Bidar.png
Adi Hindu,40-50,UNMARRIED,230,126,104,Bidar.png
Adi Hindu,40-50,MARRIED,10666,6717,3949,Bidar.png
Adi Hindu,40-50,WIDOWED,3042,910,2132,Bidar.png
Adi Hindu,50-60,POPULATION,8458,4700,3758,Bidar.png
Adi Hindu,50-60,UNMARRIED,120,49,71,Bidar.png
Adi Hindu,50-60,MARRIED,5405,3644,1761,Bidar.png
Adi Hindu,50-60,WIDOWED,2933,1007,1926,Bidar.png
Adi Hindu,60 and over,POPULATION,6605,3481,3124,Bidar.png
Adi Hindu,60 and over,UNMARRIED,100,55,45,Bidar.png
Adi Hindu,60 and over,MARRIED,3640,2563,1077,Bidar.png
Adi Hindu,60 and over,WIDOWED,2865,863,2002,Bidar.png
All Religions,Total,POPULATION,633690,325396,308294,Bir.png
All Religions,Total,UNMARRIED,230556,132962,97594,Bir.png
All Religions,Total,MARRIED,343495,172441,171054,Bir.png
All Religions,Total,WIDOWED,59639,19993,39646,Bir.png
All Religions,0-1,POPULATION,19016,8723,10293,Bir.png
All Religions,0-1,UNMARRIED,18600,8637,9963,Bir.png
All Religions,0-1,MARRIED,408,82,326,Bir.png
All Religions,0-1,WIDOWED,8,4,4,Bir.png
All Religions,1-5,POPULATION,87687,41090,46597,Bir.png
All Religions,1-5,UNMARRIED,80040,39226,40814,Bir.png
All Religions,1-5,MARRIED,7226,1600,5626,Bir.png
All Religions,1-5,WIDOWED,421,264,157,Bir.png
All Religions,5-10,POPULATION,72752,38584,34168,Bir.png
All Religions,5-10,UNMARRIED,54890,33508,21382,Bir.png
All Religions,5-10,MARRIED,17257,4770,12487,Bir.png
All Religions,5-10,WIDOWED,605,306,299,Bir.png
All Religions,10-15,POPULATION,69249,37106,32143,Bir.png
All Religions,10-15,UNMARRIED,39523,27043,12480,Bir.png
All Religions,10-15,MARRIED,28695,9782,18913,Bir.png
All Religions,10-15,WIDOWED,1031,281,750,Bir.png
All Religions,15-20,POPULATION,55340,26342,28998,Bir.png
All Religions,15-20,UNMARRIED,13845,10152,3693,Bir.png
All Religions,15-20,MARRIED,39830,15742,24088,Bir.png
All Religions,15-20,WIDOWED,1665,448,1217,Bir.png
All Religions,20-30,POPULATION,112818,56037,56781,Bir.png
All Religions,20-30,UNMARRIED,13882,9440,4442,Bir.png
All Religions,20-30,MARRIED,92021,44214,47807,Bir.png
All Religions,20-30,WIDOWED,6915,2383,4532,Bir.png
All Religions,30-40,POPULATION,88834,46245,42589,Bir.png
All Religions,30-40,UNMARRIED,6183,3439,2744,Bir.png
All Religions,30-40,MARRIED,71279,39029,32250,Bir.png
All Religions,30-40,WIDOWED,11372,3777,7595,Bir.png
All Religions,40-50,POPULATION,61812,34050,27762,Bir.png
All Religions,40-50,UNMARRIED,2336,871,1465,Bir.png
All Religions,40-50,MARRIED,46494,29050,17444,Bir.png
All Religions,40-50,WIDOWED,12982,4129,8853,Bir.png
All Religions,50-60,POPULATION,38885,22541,16344,Bir.png
All Religions,50-60,UNMARRIED,891,410,481,Bir.png
All Religions,50-60,MARRIED,25307,17984,7323,Bir.png
All Religions,50-60,WIDOWED,12687,4147,8540,Bir.png
All Religions,60 and over,POPULATION,27297,14678,12619,Bir.png
All Religions,60 and over,UNMARRIED,366,236,130,Bir.png
All Religions,60 and over,MARRIED,14978,10188,4790,Bir.png
All Religions,60 and over,WIDOWED,11953,4254,7699,Bir.png
Hindu (Brahmanic),Total,POPULATION,473445,243844,229601,Bir.png
Hindu (Brahmanic),Total,UNMARRIED,168782,97650,71132,Bir.png
Hindu (Brahmanic),Total,MARRIED,258198,129434,128764,Bir.png
Hindu (Brahmanic),Total,WIDOWED,46465,16760,29705,Bir.png
Hindu (Brahmanic),0-1,POPULATION,13960,6174,7786,Bir.png
Hindu (Brahmanic),0-1,UNMARRIED,13707,6105,7602,Bir.png
Hindu (Brahmanic),0-1,MARRIED,251,67,184,Bir.png
Hindu (Brahmanic),0-1,WIDOWED,2,2,0,Bir.png
Hindu (Brahmanic),1-5,POPULATION,63382,29215,34167,Bir.png
Hindu (Brahmanic),1-5,UNMARRIED,57062,27706,29356,Bir.png
Hindu (Brahmanic),1-5,MARRIED,6003,1252,4751,Bir.png
Hindu (Brahmanic),1-5,WIDOWED,317,257,60,Bir.png
Hindu (Brahmanic),5-10,POPULATION,53522,28491,25031,Bir.png
Hindu (Brahmanic),5-10,UNMARRIED,40160,24905,15255,Bir.png
Hindu (Brahmanic),5-10,MARRIED,12895,3300,9595,Bir.png
Hindu (Brahmanic),5-10,WIDOWED,467,286,181,Bir.png
Hindu (Brahmanic),10-15,POPULATION,50548,26711,23837,Bir.png
Hindu (Brahmanic),10-15,UNMARRIED,28140,19218,8922,Bir.png
Hindu (Brahmanic),10-15,MARRIED,21544,7238,14306,Bir.png
Hindu (Brahmanic),10-15,WIDOWED,864,255,609,Bir.png
Hindu (Brahmanic),15-20,POPULATION,42075,20170,21905,Bir.png
Hindu (Brahmanic),15-20,UNMARRIED,10279,7708,2571,Bir.png
Hindu (Brahmanic),15-20,MARRIED,30394,12067,18327,Bir.png
Hindu (Brahmanic),15-20,WIDOWED,1402,395,1007,Bir.png
Hindu (Brahmanic),20-30,POPULATION,86521,43323,43198,Bir.png
Hindu (Brahmanic),20-30,UNMARRIED,11250,7630,3620,Bir.png
Hindu (Brahmanic),20-30,MARRIED,69548,33592,35956,Bir.png
Hindu (Brahmanic),20-30,WIDOWED,5723,2101,3622,Bir.png
Hindu (Brahmanic),30-40,POPULATION,67939,35978,31961,Bir.png
Hindu (Brahmanic),30-40,UNMARRIED,5343,3098,2245,Bir.png
Hindu (Brahmanic),30-40,MARRIED,53426,29593,23833,Bir.png
Hindu (Brahmanic),30-40,WIDOWED,9170,3287,5883,Bir.png
Hindu (Brahmanic),40-50,POPULATION,46775,26196,20579,Bir.png
Hindu (Brahmanic),40-50,UNMARRIED,1833,742,1091,Bir.png
Hindu (Brahmanic),40-50,MARRIED,34905,21999,12906,Bir.png
Hindu (Brahmanic),40-50,WIDOWED,10037,3455,6582,Bir.png
Hindu (Brahmanic),50-60,POPULATION,28172,16439,11733,Bir.png
Hindu (Brahmanic),50-60,UNMARRIED,731,340,391,Bir.png
Hindu (Brahmanic),50-60,MARRIED,17860,12738,5122,Bir.png
Hindu (Brahmanic),50-60,WIDOWED,9581,3361,6220,Bir.png
Hindu (Brahmanic),60 and over,POPULATION,20551,11147,9404,Bir.png
Hindu (Brahmanic),60 and over,UNMARRIED,277,198,79,Bir.png
Hindu (Brahmanic),60 and over,MARRIED,11372,7588,3784,Bir.png
Hindu (Brahmanic),60 and over,WIDOWED,8902,3361,5541,Bir.png
All Religions,0-1,POPULATION,32923,15376,17547,Gulbarga.png
All Religions,0-1,UNMARRIED,31650,14598,17052,Gulbarga.png
All Religions,0-1,MARRIED,1214,732,482,Gulbarga.png
All Religions,0-1,WIDOWED,59,46,13,Gulbarga.png
All Religions,1-5,POPULATION,157873,76617,81256,Gulbarga.png
All Religions,1-5,UNMARRIED,143308,68494,74814,Gulbarga.png
All Religions,1-5,MARRIED,13699,7757,5942,Gulbarga.png
All Religions,1-5,WIDOWED,866,366,500,Gulbarga.png
All Religions,5-10,POPULATION,146342,74670,71672,Gulbarga.png
All Religions,5-10,UNMARRIED,112388,61296,51092,Gulbarga.png
All Religions,5-10,MARRIED,32955,13002,19953,Gulbarga.png
All Religions,5-10,WIDOWED,999,372,627,Gulbarga.png
All Religions,10-15,POPULATION,129572,68599,60973,Gulbarga.png
All Religions,10-15,UNMARRIED,78542,50546,27996,Gulbarga.png
All Religions,10-15,MARRIED,49684,17473,32211,Gulbarga.png
All Religions,10-15,WIDOWED,1346,580,766,Gulbarga.png
All Religions,15-20,POPULATION,104008,51550,52458,Gulbarga.png
All Religions,15-20,UNMARRIED,26847,22787,4060,Gulbarga.png
All Religions,15-20,MARRIED,74809,27950,46859,Gulbarga.png
All Religions,15-20,WIDOWED,2352,813,1539,Gulbarga.png
All Religions,20-30,POPULATION,224251,110028,114223,Gulbarga.png
All Religions,20-30,UNMARRIED,25070,20812,4258,Gulbarga.png
All Religions,20-30,MARRIED,187986,86299,101687,Gulbarga.png
All Religions,20-30,WIDOWED,11195,2917,8278,Gulbarga.png
All Religions,30-40,POPULATION,175144,92425,82719,Gulbarga.png
All Religions,30-40,UNMARRIED,8770,6711,2059,Gulbarga.png
All Religions,30-40,MARRIED,143255,80272,62983,Gulbarga.png
All Religions,30-40,WIDOWED,23119,5442,17677,Gulbarga.png
All Religions,40-50,POPULATION,117657,62710,54947,Gulbarga.png
All Religions,40-50,UNMARRIED,4870,4018,852,Gulbarga.png
All Religions,40-50,MARRIED,82830,51494,31336,Gulbarga.png
All Religions,40-50,WIDOWED,29957,7198,22759,Gulbarga.png
All Religions,50-60,POPULATION,76409,39077,37332,Gulbarga.png
All Religions,50-60,UNMARRIED,4847,4208,639,Gulbarga.png
All Religions,50-60,MARRIED,42767,27445,15322,Gulbarga.png
All Religions,50-60,WIDOWED,28795,7424,21371,Gulbarga.png
All Religions,60 and over,POPULATION,60829,30635,30194,Gulbarga.png
All Religions,60 and over,UNMARRIED,2562,2091,471,Gulbarga.png
All Religions,60 and over,MARRIED,28316,19945,8371,Gulbarga.png
All Religions,60 and over,WIDOWED,29951,8599,21352,Gulbarga.png
All Religions,Total,POPULATION,1225008,621687,603321,Gulbarga.png
All Religions,Total,UNMARRIED,438854,255561,183293,Gulbarga.png
All Religions,Total,MARRIED,657515,332369,325146,Gulbarga.png
All Religions,Total,WIDOWED,128639,33757,94882,Gulbarga.png
Hindu (Brahmanic),Total,POPULATION,785929,398524,387405,Gulbarga.png
Hindu (Brahmanic),Total,UNMARRIED,266412,156347,110065,Gulbarga.png
Hindu (Brahmanic),Total,MARRIED,429533,217282,212251,Gulbarga.png
Hindu (Brahmanic),Total,WIDOWED,89984,24895,65089,Gulbarga.png
Hindu (Brahmanic),0-1,POPULATION,20043,9132,10911,Gulbarga.png
Hindu (Brahmanic),0-1,UNMARRIED,19430,8808,10622,Gulbarga.png
Hindu (Brahmanic),0-1,MARRIED,582,297,285,Gulbarga.png
Hindu (Brahmanic),0-1,WIDOWED,31,27,4,Gulbarga.png
Hindu (Brahmanic),1-5,POPULATION,93752,44750,49002,Gulbarga.png
Hindu (Brahmanic),1-5,UNMARRIED,84985,39599,45386,Gulbarga.png
Hindu (Brahmanic),1-5,MARRIED,8086,4815,3271,Gulbarga.png
Hindu (Brahmanic),1-5,WIDOWED,681,336,345,Gulbarga.png
Hindu (Brahmanic),5-10,POPULATION,90906,45242,45664,Gulbarga.png
Hindu (Brahmanic),5-10,UNMARRIED,67595,36457,31138,Gulbarga.png
Hindu (Brahmanic),5-10,MARRIED,22720,8584,14136,Gulbarga.png
Hindu (Brahmanic),5-10,WIDOWED,591,201,390,Gulbarga.png
Hindu (Brahmanic),10-15,POPULATION,82999,43648,39351,Gulbarga.png
Hindu (Brahmanic),10-15,UNMARRIED,48760,31918,16842,Gulbarga.png
Hindu (Brahmanic),10-15,MARRIED,33374,11377,21997,Gulbarga.png
Hindu (Brahmanic),10-15,WIDOWED,865,353,512,Gulbarga.png
Hindu (Brahmanic),15-20,POPULATION,67441,33452,33989,Gulbarga.png
Hindu (Brahmanic),15-20,UNMARRIED,16316,14341,1975,Gulbarga.png
Hindu (Brahmanic),15-20,MARRIED,49522,18562,30960,Gulbarga.png
Hindu (Brahmanic),15-20,WIDOWED,1603,549,1054,Gulbarga.png
Hindu (Brahmanic),20-30,POPULATION,143517,71003,72514,Gulbarga.png
Hindu (Brahmanic),20-30,UNMARRIED,15286,13069,2217,Gulbarga.png
Hindu (Brahmanic),20-30,MARRIED,120444,55815,64629,Gulbarga.png
Hindu (Brahmanic),20-30,WIDOWED,7787,2119,5668,Gulbarga.png
Hindu (Brahmanic),30-40,POPULATION,114954,60645,54309,Gulbarga.png
Hindu (Brahmanic),30-40,UNMARRIED,5562,4503,1059,Gulbarga.png
Hindu (Brahmanic),30-40,MARRIED,93200,52108,41092,Gulbarga.png
Hindu (Brahmanic),30-40,WIDOWED,16192,4034,12158,Gulbarga.png
Hindu (Brahmanic),40-50,POPULATION,77860,41535,36325,Gulbarga.png
Hindu (Brahmanic),40-50,UNMARRIED,3038,2639,399,Gulbarga.png
Hindu (Brahmanic),40-50,MARRIED,53849,33524,20325,Gulbarga.png
Hindu (Brahmanic),40-50,WIDOWED,20973,5372,15601,Gulbarga.png
Hindu (Brahmanic),50-60,POPULATION,53476,27790,25686,Gulbarga.png
Hindu (Brahmanic),50-60,UNMARRIED,3874,3630,244,Gulbarga.png
Hindu (Brahmanic),50-60,MARRIED,29329,18604,10725,Gulbarga.png
Hindu (Brahmanic),50-60,WIDOWED,20273,5556,14717,Gulbarga.png
Hindu (Brahmanic),60 and over,POPULATION,40981,21327,19654,Gulbarga.png
Hindu (Brahmanic),60 and over,UNMARRIED,1566,1383,183,Gulbarga.png
Hindu (Brahmanic),60 and over,MARRIED,18427,13596,4831,Gulbarga.png
Hindu (Brahmanic),60 and over,WIDOWED,20988,6348,14640,Gulbarga.png
Adi Hindu,Total,POPULATION,194810,98250,96560,Gulbarga.png
Adi Hindu,Total,UNMARRIED,70621,41045,29576,Gulbarga.png
Adi Hindu,Total,MARRIED,106008,53141,52867,Gulbarga.png
Adi Hindu,Total,WIDOWED,18181,4064,14117,Gulbarga.png
Adi Hindu,0-1,POPULATION,5947,2786,3161,Gulbarga.png
Adi Hindu,0-1,UNMARRIED,5674,2626,3048,Gulbarga.png
Adi Hindu,0-1,MARRIED,266,153,113,Gulbarga.png
Adi Hindu,0-1,WIDOWED,7,7,0,Gulbarga.png
Adi Hindu,1-5,POPULATION,29189,14743,14446,Gulbarga.png
Adi Hindu,1-5,UNMARRIED,26077,13223,12854,Gulbarga.png
Adi Hindu,1-5,MARRIED,3023,1505,1518,Gulbarga.png
Adi Hindu,1-5,WIDOWED,89,15,74,Gulbarga.png
Adi Hindu,5-10,POPULATION,23992,12898,11094,Gulbarga.png
Adi Hindu,5-10,UNMARRIED,18085,10580,7505,Gulbarga.png
Adi Hindu,5-10,MARRIED,5701,2228,3473,Gulbarga.png
Adi Hindu,5-10,WIDOWED,206,90,116,Gulbarga.png
Adi Hindu,10-15,POPULATION,19989,10833,9156,Gulbarga.png
Adi Hindu,10-15,UNMARRIED,11308,7634,3674,Gulbarga.png
Adi Hindu,10-15,MARRIED,8402,3054,5348,Gulbarga.png
Adi Hindu,10-15,WIDOWED,279,145,134,Gulbarga.png
Adi Hindu,15-20,POPULATION,14873,7331,7542,Gulbarga.png
Adi Hindu,15-20,UNMARRIED,3442,2916,526,Gulbarga.png
Adi Hindu,15-20,MARRIED,11104,4298,6806,Gulbarga.png
Adi Hindu,15-20,WIDOWED,327,117,210,Gulbarga.png
Adi Hindu,20-30,POPULATION,35364,16880,18484,Gulbarga.png
Adi Hindu,20-30,UNMARRIED,3247,2434,813,Gulbarga.png
Adi Hindu,20-30,MARRIED,30514,14040,16474,Gulbarga.png
Adi Hindu,20-30,WIDOWED,1603,406,1197,Gulbarga.png
Adi Hindu,30-40,POPULATION,27506,14459,13047,Gulbarga.png
Adi Hindu,30-40,UNMARRIED,1339,794,545,Gulbarga.png
Adi Hindu,30-40,MARRIED,22803,12988,9815,Gulbarga.png
Adi Hindu,30-40,WIDOWED,3364,677,2687,Gulbarga.png
Adi Hindu,40-50,POPULATION,18905,9957,8948,Gulbarga.png
Adi Hindu,40-50,UNMARRIED,867,577,290,Gulbarga.png
Adi Hindu,40-50,MARRIED,13583,8473,5110,Gulbarga.png
Adi Hindu,40-50,WIDOWED,4455,907,3548,Gulbarga.png
Adi Hindu,50-60,POPULATION,10408,4814,5594,Gulbarga.png
Adi Hindu,50-60,UNMARRIED,301,126,175,Gulbarga.png
Adi Hindu,50-60,MARRIED,6068,3857,2211,Gulbarga.png
Adi Hindu,50-60,WIDOWED,4039,831,3208,Gulbarga.png
Adi Hindu,60 and over,POPULATION,8637,3549,5088,Gulbarga.png
Adi Hindu,60 and over,UNMARRIED,281,135,146,Gulbarga.png
Adi Hindu,60 and over,MARRIED,4544,2545,1999,Gulbarga.png
Adi Hindu,60 and over,WIDOWED,3812,869,2943,Gulbarga.png
Muslim,0-1,POPULATION,5517,2759,2758,Gulbarga.png
Muslim,0-1,UNMARRIED,5190,2519,2671,Gulbarga.png
Muslim,0-1,MARRIED,308,230,78,Gulbarga.png
Muslim,0-1,WIDOWED,19,10,9,Gulbarga.png
Muslim,1-5,POPULATION,26877,13248,13629,Gulbarga.png
Muslim,1-5,UNMARRIED,24822,12045,12777,Gulbarga.png
Muslim,1-5,MARRIED,1971,1190,781,Gulbarga.png
Muslim,1-5,WIDOWED,84,13,71,Gulbarga.png
Muslim,5-10,POPULATION,24630,12819,11811,Gulbarga.png
Muslim,5-10,UNMARRIED,20879,10948,9931,Gulbarga.png
Muslim,5-10,MARRIED,3569,1797,1772,Gulbarga.png
Muslim,5-10,WIDOWED,182,74,108,Gulbarga.png
Muslim,10-15,POPULATION,21270,11308,9962,Gulbarga.png
Muslim,10-15,UNMARRIED,14902,8868,6034,Gulbarga.png
Muslim,10-15,MARRIED,6202,2370,3832,Gulbarga.png
Muslim,10-15,WIDOWED,166,70,96,Gulbarga.png
Muslim,15-20,POPULATION,17729,8740,8989,Gulbarga.png
Muslim,15-20,UNMARRIED,5940,4643,1297,Gulbarga.png
Muslim,15-20,MARRIED,11425,3966,7459,Gulbarga.png
Muslim,15-20,WIDOWED,364,131,233,Gulbarga.png
Muslim,20-30,POPULATION,36383,17325,19058,Gulbarga.png
Muslim,20-30,UNMARRIED,5363,4499,864,Gulbarga.png
Muslim,20-30,MARRIED,29466,12512,16954,Gulbarga.png
Muslim,20-30,WIDOWED,1554,314,1240,Gulbarga.png
Muslim,30-40,POPULATION,26705,14285,12420,Gulbarga.png
Muslim,30-40,UNMARRIED,1384,1153,231,Gulbarga.png
Muslim,30-40,MARRIED,22212,12511,9701,Gulbarga.png
Muslim,30-40,WIDOWED,3109,621,2488,Gulbarga.png
Muslim,40-50,POPULATION,16802,9079,7723,Gulbarga.png
Muslim,40-50,UNMARRIED,752,635,117,Gulbarga.png
Muslim,40-50,MARRIED,12153,7678,4475,Gulbarga.png
Muslim,40-50,WIDOWED,3897,766,3131,Gulbarga.png
Muslim,50-60,POPULATION,10253,5230,5023,Gulbarga.png
Muslim,50-60,UNMARRIED,426,289,137,Gulbarga.png
Muslim,50-60,MARRIED,5981,4060,1921,Gulbarga.png
Muslim,50-60,WIDOWED,3846,881,2965,Gulbarga.png
Muslim,60 and over,POPULATION,9420,4843,4577,Gulbarga.png
Muslim,60 and over,UNMARRIED,653,531,122,Gulbarga.png
Muslim,60 and over,MARRIED,4412,3156,1256,Gulbarga.png
Muslim,60 and over,WIDOWED,4355,1156,3199,Gulbarga.png
Muslim,Total,POPULATION,195586,99636,95950,Gulbarga.png
Muslim,Total,UNMARRIED,80311,46130,34181,Gulbarga.png
Muslim,Total,MARRIED,97699,49470,48229,Gulbarga.png
Muslim,Total,WIDOWED,17576,4036,13540,Gulbarga.png
All Religions,0-1,POPULATION,36583,17403,19180,Karimnagar.png
All Religions,0-1,UNMARRIED,36536,17395,19141,Karimnagar.png
All Religions,0-1,MARRIED,47,8,39,Karimnagar.png
All Religions,0-1,WIDOWED,0,0,0,Karimnagar.png
All Religions,1-5,POPULATION,187028,82605,104423,Karimnagar.png
All Religions,1-5,UNMARRIED,181615,80907,100708,Karimnagar.png
All Religions,1-5,MARRIED,5235,1677,3558,Karimnagar.png
All Religions,1-5,WIDOWED,178,21,157,Karimnagar.png
All Religions,5-10,POPULATION,137284,82321,54963,Karimnagar.png
All Religions,5-10,UNMARRIED,102371,74871,27500,Karimnagar.png
All Religions,5-10,MARRIED,34283,7351,26932,Karimnagar.png
All Religions,5-10,WIDOWED,630,99,531,Karimnagar.png
All Religions,10-15,POPULATION,138056,74026,64030,Karimnagar.png
All Religions,10-15,UNMARRIED,79020,58903,20117,Karimnagar.png
All Religions,10-15,MARRIED,57356,14893,42463,Karimnagar.png
All Religions,10-15,WIDOWED,1680,230,1450,Karimnagar.png
All Religions,15-20,POPULATION,117634,58380,59254,Karimnagar.png
All Religions,15-20,UNMARRIED,26300,23435,2865,Karimnagar.png
All Religions,15-20,MARRIED,87993,34474,53519,Karimnagar.png
All Religions,15-20,WIDOWED,3341,471,2870,Karimnagar.png
All Religions,20-30,POPULATION,228288,113097,115191,Karimnagar.png
All Religions,20-30,UNMARRIED,18192,16430,1762,Karimnagar.png
All Religions,20-30,MARRIED,198504,94881,103623,Karimnagar.png
All Religions,20-30,WIDOWED,11592,1786,9806,Karimnagar.png
All Religions,30-40,POPULATION,162694,84416,78278,Karimnagar.png
All Religions,30-40,UNMARRIED,2679,1802,877,Karimnagar.png
All Religions,30-40,MARRIED,138338,78950,59388,Karimnagar.png
All Religions,30-40,WIDOWED,21677,3664,18013,Karimnagar.png
All Religions,40-50,POPULATION,115788,61414,54374,Karimnagar.png
All Religions,40-50,UNMARRIED,1705,994,711,Karimnagar.png
All Religions,40-50,MARRIED,83812,54525,29287,Karimnagar.png
All Religions,40-50,WIDOWED,30271,5895,24376,Karimnagar.png
All Religions,50-60,POPULATION,68650,35985,32665,Karimnagar.png
All Religions,50-60,UNMARRIED,1066,505,561,Karimnagar.png
All Religions,50-60,MARRIED,40116,29266,10850,Karimnagar.png
All Religions,50-60,WIDOWED,27468,6214,21254,Karimnagar.png
All Religions,60 and over,POPULATION,49400,24769,24631,Karimnagar.png
All Religions,60 and over,UNMARRIED,1099,615,484,Karimnagar.png
All Religions,60 and over,MARRIED,21730,17448,4282,Karimnagar.png
All Religions,60 and over,WIDOWED,26571,6706,19865,Karimnagar.png
All Religions,Total,POPULATION,1241405,634416,606989,Karimnagar.png
All Religions,Total,UNMARRIED,450583,275857,174726,Karimnagar.png
All Religions,Total,MARRIED,667414,333473,333941,Karimnagar.png
All Religions,Total,WIDOWED,123408,25086,98322,Karimnagar.png
Hindu (Brahmanic),0-1,POPULATION,26822,13033,13789,Karimnagar.png
Hindu (Brahmanic),0-1,UNMARRIED,26778,13025,13753,Karimnagar.png
Hindu (Brahmanic),0-1,MARRIED,44,8,36,Karimnagar.png
Hindu (Brahmanic),0-1,WIDOWED,0,0,0,Karimnagar.png
Hindu (Brahmanic),1-5,POPULATION,137909,57717,80192,Karimnagar.png
Hindu (Brahmanic),1-5,UNMARRIED,134213,56963,77250,Karimnagar.png
Hindu (Brahmanic),1-5,MARRIED,3555,741,2814,Karimnagar.png
Hindu (Brahmanic),1-5,WIDOWED,141,13,128,Karimnagar.png
Hindu (Brahmanic),5-10,POPULATION,97927,61637,36290,Karimnagar.png
Hindu (Brahmanic),5-10,UNMARRIED,69468,55900,13568,Karimnagar.png
Hindu (Brahmanic),5-10,MARRIED,27919,5643,22276,Karimnagar.png
Hindu (Brahmanic),5-10,WIDOWED,540,94,446,Karimnagar.png
Hindu (Brahmanic),10-15,POPULATION,105062,56915,48147,Karimnagar.png
Hindu (Brahmanic),10-15,UNMARRIED,57409,44453,12956,Karimnagar.png
Hindu (Brahmanic),10-15,MARRIED,46119,12246,33873,Karimnagar.png
Hindu (Brahmanic),10-15,WIDOWED,1534,216,1318,Karimnagar.png
Hindu (Brahmanic),15-20,POPULATION,89703,44584,45119,Karimnagar.png
Hindu (Brahmanic),15-20,UNMARRIED,18635,16687,1948,Karimnagar.png
Hindu (Brahmanic),15-20,MARRIED,68139,27500,40639,Karimnagar.png
Hindu (Brahmanic),15-20,WIDOWED,2929,397,2532,Karimnagar.png
Hindu (Brahmanic),20-30,POPULATION,174430,86881,87549,Karimnagar.png
Hindu (Brahmanic),20-30,UNMARRIED,13643,12439,1204,Karimnagar.png
Hindu (Brahmanic),20-30,MARRIED,151320,73011,78309,Karimnagar.png
Hindu (Brahmanic),20-30,WIDOWED,9467,1431,8036,Karimnagar.png
Hindu (Brahmanic),30-40,POPULATION,122978,63824,59154,Karimnagar.png
Hindu (Brahmanic),30-40,UNMARRIED,2088,1395,693,Karimnagar.png
Hindu (Brahmanic),30-40,MARRIED,103743,59435,44308,Karimnagar.png
Hindu (Brahmanic),30-40,WIDOWED,17147,2994,14153,Karimnagar.png
Hindu (Brahmanic),40-50,POPULATION,86838,45297,41541,Karimnagar.png
Hindu (Brahmanic),40-50,UNMARRIED,1428,801,627,Karimnagar.png
Hindu (Brahmanic),40-50,MARRIED,61594,39724,21870,Karimnagar.png
Hindu (Brahmanic),40-50,WIDOWED,23816,4772,19044,Karimnagar.png
Hindu (Brahmanic),50-60,POPULATION,52997,27642,25355,Karimnagar.png
Hindu (Brahmanic),50-60,UNMARRIED,922,410,512,Karimnagar.png
Hindu (Brahmanic),50-60,MARRIED,30425,22192,8233,Karimnagar.png
Hindu (Brahmanic),50-60,WIDOWED,21650,5040,16610,Karimnagar.png
Hindu (Brahmanic),60 and over,POPULATION,38861,19354,19507,Karimnagar.png
Hindu (Brahmanic),60 and over,UNMARRIED,1035,572,463,Karimnagar.png
Hindu (Brahmanic),60 and over,MARRIED,16558,13358,3200,Karimnagar.png
Hindu (Brahmanic),60 and over,WIDOWED,21268,5424,15844,Karimnagar.png
Hindu (Brahmanic),Total,POPULATION,933527,476884,456643,Karimnagar.png
Hindu (Brahmanic),Total,UNMARRIED,325619,202645,122974,Karimnagar.png
Hindu (Brahmanic),Total,MARRIED,509416,253858,255558,Karimnagar.png
Hindu (Brahmanic),Total,WIDOWED,98492,20381,78111,Karimnagar.png
Adi Hindu,Total,POPULATION,227274,116291,110983,Karimnagar.png
Adi Hindu,Total,UNMARRIED,88847,52012,36835,Karimnagar.png
Adi Hindu,Total,MARRIED,120169,60770,59399,Karimnagar.png
Adi Hindu,Total,WIDOWED,18258,3509,14749,Karimnagar.png
Adi Hindu,0-1,POPULATION,7293,3104,4189,Karimnagar.png
Adi Hindu,0-1,UNMARRIED,7290,3104,4186,Karimnagar.png
Adi Hindu,0-1,MARRIED,3,0,3,Karimnagar.png
Adi Hindu,0-1,WIDOWED,0,0,0,Karimnagar.png
Adi Hindu,1-5,POPULATION,37762,19282,18480,Karimnagar.png
Adi Hindu,1-5,UNMARRIED,36190,18377,17813,Karimnagar.png
Adi Hindu,1-5,MARRIED,1539,897,642,Karimnagar.png
Adi Hindu,1-5,WIDOWED,33,8,25,Karimnagar.png
Adi Hindu,5-10,POPULATION,29052,15457,13595,Karimnagar.png
Adi Hindu,5-10,UNMARRIED,23520,13919,9601,Karimnagar.png
Adi Hindu,5-10,MARRIED,5461,1535,3926,Karimnagar.png
Adi Hindu,5-10,WIDOWED,71,3,68,Karimnagar.png
Adi Hindu,10-15,POPULATION,23452,12118,11334,Karimnagar.png
Adi Hindu,10-15,UNMARRIED,14132,9865,4267,Karimnagar.png
Adi Hindu,10-15,MARRIED,9198,2242,6956,Karimnagar.png
Adi Hindu,10-15,WIDOWED,122,11,111,Karimnagar.png
Adi Hindu,15-20,POPULATION,20431,10022,10409,Karimnagar.png
Adi Hindu,15-20,UNMARRIED,4715,4286,429,Karimnagar.png
Adi Hindu,15-20,MARRIED,15412,5680,9732,Karimnagar.png
Adi Hindu,15-20,WIDOWED,304,56,248,Karimnagar.png
Adi Hindu,20-30,POPULATION,39580,19186,20394,Karimnagar.png
Adi Hindu,20-30,UNMARRIED,2338,2027,311,Karimnagar.png
Adi Hindu,20-30,MARRIED,35650,16878,18772,Karimnagar.png
Adi Hindu,20-30,WIDOWED,1592,281,1311,Karimnagar.png
Adi Hindu,30-40,POPULATION,29237,15069,14168,Karimnagar.png
Adi Hindu,30-40,UNMARRIED,309,199,110,Karimnagar.png
Adi Hindu,30-40,MARRIED,25573,14390,11183,Karimnagar.png
Adi Hindu,30-40,WIDOWED,3355,480,2875,Karimnagar.png
Adi Hindu,40-50,POPULATION,20853,11279,9574,Karimnagar.png
Adi Hindu,40-50,UNMARRIED,190,134,56,Karimnagar.png
Adi Hindu,40-50,MARRIED,15861,10307,5554,Karimnagar.png
Adi Hindu,40-50,WIDOWED,4802,838,3964,Karimnagar.png
Adi Hindu,50-60,POPULATION,11321,6050,5271,Karimnagar.png
Adi Hindu,50-60,UNMARRIED,113,70,43,Karimnagar.png
Adi Hindu,50-60,MARRIED,6965,5075,1890,Karimnagar.png
Adi Hindu,50-60,WIDOWED,4243,905,3338,Karimnagar.png
Adi Hindu,60 and over,POPULATION,8293,4724,3569,Karimnagar.png
Adi Hindu,60 and over,UNMARRIED,50,31,19,Karimnagar.png
Adi Hindu,60 and over,MARRIED,4507,3766,741,Karimnagar.png
Adi Hindu,60 and over,WIDOWED,3736,927,2809,Karimnagar.png
All Religions,Total,POPULATION,971616,494061,477555,Mahbubnagar.png
All Religions,Total,UNMARRIED,377641,222603,155038,Mahbubnagar.png
All Religions,Total,MARRIED,488143,246916,241227,Mahbubnagar.png
All Religions,Total,WIDOWED,105832,24542,81290,Mahbubnagar.png
All Religions,0-1,POPULATION,26463,12860,13603,Mahbubnagar.png
All Religions,0-1,UNMARRIED,26402,12843,13559,Mahbubnagar.png
All Religions,0-1,MARRIED,43,17,26,Mahbubnagar.png
All Religions,0-1,WIDOWED,18,0,18,Mahbubnagar.png
All Religions,1-5,POPULATION,141302,68881,72421,Mahbubnagar.png
All Religions,1-5,UNMARRIED,128652,64579,64073,Mahbubnagar.png
All Religions,1-5,MARRIED,11087,4226,6861,Mahbubnagar.png
All Religions,1-5,WIDOWED,1563,76,1487,Mahbubnagar.png
All Religions,5-10,POPULATION,119405,59362,60043,Mahbubnagar.png
All Religions,5-10,UNMARRIED,94447,53355,41092,Mahbubnagar.png
All Religions,5-10,MARRIED,22811,5778,17033,Mahbubnagar.png
All Religions,5-10,WIDOWED,2147,229,1918,Mahbubnagar.png
All Religions,10-15,POPULATION,106725,54454,52271,Mahbubnagar.png
All Religions,10-15,UNMARRIED,65599,43139,22460,Mahbubnagar.png
All Religions,10-15,MARRIED,39147,10989,28158,Mahbubnagar.png
All Religions,10-15,WIDOWED,1979,326,1653,Mahbubnagar.png
All Religions,15-20,POPULATION,89684,43147,46537,Mahbubnagar.png
All Religions,15-20,UNMARRIED,24904,20089,4815,Mahbubnagar.png
All Religions,15-20,MARRIED,61667,22261,39406,Mahbubnagar.png
All Religions,15-20,WIDOWED,3113,797,2316,Mahbubnagar.png
All Religions,20-30,POPULATION,177624,89811,87813,Mahbubnagar.png
All Religions,20-30,UNMARRIED,21152,17541,3611,Mahbubnagar.png
All Religions,20-30,MARRIED,145359,69304,76055,Mahbubnagar.png
All Religions,20-30,WIDOWED,11113,2966,8147,Mahbubnagar.png
All Religions,30-40,POPULATION,126577,67914,58663,Mahbubnagar.png
All Religions,30-40,UNMARRIED,6597,4681,1916,Mahbubnagar.png
All Religions,30-40,MARRIED,102037,59688,42349,Mahbubnagar.png
All Religions,30-40,WIDOWED,17943,3545,14398,Mahbubnagar.png
All Religions,40-50,POPULATION,85671,46630,39041,Mahbubnagar.png
All Religions,40-50,UNMARRIED,4333,2759,1574,Mahbubnagar.png
All Religions,40-50,MARRIED,59316,39492,19824,Mahbubnagar.png
All Religions,40-50,WIDOWED,22022,4379,17643,Mahbubnagar.png
All Religions,50-60,POPULATION,53097,28398,24699,Mahbubnagar.png
All Religions,50-60,UNMARRIED,3675,2710,965,Mahbubnagar.png
All Religions,50-60,MARRIED,28127,20276,7851,Mahbubnagar.png
All Religions,50-60,WIDOWED,21295,5412,15883,Mahbubnagar.png
All Religions,60 and over,POPULATION,45068,22604,22464,Mahbubnagar.png
All Religions,60 and over,UNMARRIED,1880,907,973,Mahbubnagar.png
All Religions,60 and over,MARRIED,18549,14885,3664,Mahbubnagar.png
All Religions,60 and over,WIDOWED,24639,6812,17827,Mahbubnagar.png
Hindu (Brahmanic),0-1,POPULATION,16457,8055,8402,Mahbubnagar.png
Hindu (Brahmanic),0-1,UNMARRIED,16399,8041,8358,Mahbubnagar.png
Hindu (Brahmanic),0-1,MARRIED,40,14,26,Mahbubnagar.png
Hindu (Brahmanic),0-1,WIDOWED,18,0,18,Mahbubnagar.png
Hindu (Brahmanic),1-5,POPULATION,91045,43671,47374,Mahbubnagar.png
Hindu (Brahmanic),1-5,UNMARRIED,79212,39813,39399,Mahbubnagar.png
Hindu (Brahmanic),1-5,MARRIED,10324,3802,6522,Mahbubnagar.png
Hindu (Brahmanic),1-5,WIDOWED,1509,56,1453,Mahbubnagar.png
Hindu (Brahmanic),5-10,POPULATION,75866,36382,39484,Mahbubnagar.png
Hindu (Brahmanic),5-10,UNMARRIED,56100,31476,24624,Mahbubnagar.png
Hindu (Brahmanic),5-10,MARRIED,17733,4700,13033,Mahbubnagar.png
Hindu (Brahmanic),5-10,WIDOWED,2033,206,1827,Mahbubnagar.png
Hindu (Brahmanic),10-15,POPULATION,68617,34447,34170,Mahbubnagar.png
Hindu (Brahmanic),10-15,UNMARRIED,38956,25801,13155,Mahbubnagar.png
Hindu (Brahmanic),10-15,MARRIED,27915,8381,19534,Mahbubnagar.png
Hindu (Brahmanic),10-15,WIDOWED,1746,265,1481,Mahbubnagar.png
Hindu (Brahmanic),15-20,POPULATION,59880,28913,30967,Mahbubnagar.png
Hindu (Brahmanic),15-20,UNMARRIED,16347,12768,3579,Mahbubnagar.png
Hindu (Brahmanic),15-20,MARRIED,40962,15459,25503,Mahbubnagar.png
Hindu (Brahmanic),15-20,WIDOWED,2571,686,1885,Mahbubnagar.png
Hindu (Brahmanic),20-30,POPULATION,119150,61776,57374,Mahbubnagar.png
Hindu (Brahmanic),20-30,UNMARRIED,15449,12722,2727,Mahbubnagar.png
Hindu (Brahmanic),20-30,MARRIED,94992,46726,48266,Mahbubnagar.png
Hindu (Brahmanic),20-30,WIDOWED,8709,2328,6381,Mahbubnagar.png
Hindu (Brahmanic),30-40,POPULATION,81595,43377,38218,Mahbubnagar.png
Hindu (Brahmanic),30-40,UNMARRIED,5135,3654,1481,Mahbubnagar.png
Hindu (Brahmanic),30-40,MARRIED,62957,37029,25928,Mahbubnagar.png
Hindu (Brahmanic),30-40,WIDOWED,13503,2694,10809,Mahbubnagar.png
Hindu (Brahmanic),40-50,POPULATION,57382,30746,26636,Mahbubnagar.png
Hindu (Brahmanic),40-50,UNMARRIED,3495,2133,1362,Mahbubnagar.png
Hindu (Brahmanic),40-50,MARRIED,37422,25402,12020,Mahbubnagar.png
Hindu (Brahmanic),40-50,WIDOWED,16465,3211,13254,Mahbubnagar.png
Hindu (Brahmanic),50-60,POPULATION,36418,19811,16607,Mahbubnagar.png
Hindu (Brahmanic),50-60,UNMARRIED,3253,2397,856,Mahbubnagar.png
Hindu (Brahmanic),50-60,MARRIED,17429,13211,4218,Mahbubnagar.png
Hindu (Brahmanic),50-60,WIDOWED,15736,4203,11533,Mahbubnagar.png
Hindu (Brahmanic),60 and over,POPULATION,31517,15863,15654,Mahbubnagar.png
Hindu (Brahmanic),60 and over,UNMARRIED,1605,710,895,Mahbubnagar.png
Hindu (Brahmanic),60 and over,MARRIED,11443,9731,1712,Mahbubnagar.png
Hindu (Brahmanic),60 and over,WIDOWED,18469,5422,13047,Mahbubnagar.png
Hindu (Brahmanic),Total,POPULATION,637927,323041,314886,Mahbubnagar.png
Hindu (Brahmanic),Total,UNMARRIED,235951,139515,96436,Mahbubnagar.png
Hindu (Brahmanic),Total,MARRIED,321217,164455,156762,Mahbubnagar.png
Hindu (Brahmanic),Total,WIDOWED,80759,19071,61688,Mahbubnagar.png
Adi Hindu,Total,POPULATION,197784,100913,96871,Mahbubnagar.png
Adi Hindu,Total,UNMARRIED,79382,46515,32867,Mahbubnagar.png
Adi Hindu,Total,MARRIED,103727,51204,52523,Mahbubnagar.png
Adi Hindu,Total,WIDOWED,14675,3194,11481,Mahbubnagar.png
Adi Hindu,0-1,POPULATION,6145,2902,3243,Mahbubnagar.png
Adi Hindu,0-1,UNMARRIED,6143,2900,3243,Mahbubnagar.png
Adi Hindu,0-1,MARRIED,2,2,0,Mahbubnagar.png
Adi Hindu,0-1,WIDOWED,0,0,0,Mahbubnagar.png
Adi Hindu,1-5,POPULATION,29677,14876,14801,Mahbubnagar.png
Adi Hindu,1-5,UNMARRIED,29382,14744,14638,Mahbubnagar.png
Adi Hindu,1-5,MARRIED,245,112,133,Mahbubnagar.png
Adi Hindu,1-5,WIDOWED,50,20,30,Mahbubnagar.png
Adi Hindu,5-10,POPULATION,24855,12783,12072,Mahbubnagar.png
Adi Hindu,5-10,UNMARRIED,21123,12162,8961,Mahbubnagar.png
Adi Hindu,5-10,MARRIED,3633,599,3034,Mahbubnagar.png
Adi Hindu,5-10,WIDOWED,99,22,77,Mahbubnagar.png
Adi Hindu,10-15,POPULATION,22122,11430,10692,Mahbubnagar.png
Adi Hindu,10-15,UNMARRIED,14425,9665,4760,Mahbubnagar.png
Adi Hindu,10-15,MARRIED,7504,1713,5791,Mahbubnagar.png
Adi Hindu,10-15,WIDOWED,193,52,141,Mahbubnagar.png
Adi Hindu,15-20,POPULATION,17732,8390,9342,Mahbubnagar.png
Adi Hindu,15-20,UNMARRIED,4076,3634,442,Mahbubnagar.png
Adi Hindu,15-20,MARRIED,13262,4672,8590,Mahbubnagar.png
Adi Hindu,15-20,WIDOWED,394,84,310,Mahbubnagar.png
Adi Hindu,20-30,POPULATION,35768,17099,18669,Mahbubnagar.png
Adi Hindu,20-30,UNMARRIED,2683,2267,416,Mahbubnagar.png
Adi Hindu,20-30,MARRIED,31526,14434,17092,Mahbubnagar.png
Adi Hindu,20-30,WIDOWED,1559,398,1161,Mahbubnagar.png
Adi Hindu,30-40,POPULATION,27086,14440,12646,Mahbubnagar.png
Adi Hindu,30-40,UNMARRIED,604,388,216,Mahbubnagar.png
Adi Hindu,30-40,MARRIED,23634,13511,10123,Mahbubnagar.png
Adi Hindu,30-40,WIDOWED,2848,541,2307,Mahbubnagar.png
Adi Hindu,40-50,POPULATION,17270,9975,7295,Mahbubnagar.png
Adi Hindu,40-50,UNMARRIED,532,440,92,Mahbubnagar.png
Adi Hindu,40-50,MARRIED,13481,8835,4646,Mahbubnagar.png
Adi Hindu,40-50,WIDOWED,3257,700,2557,Mahbubnagar.png
Adi Hindu,50-60,POPULATION,9786,5328,4458,Mahbubnagar.png
Adi Hindu,50-60,UNMARRIED,232,171,61,Mahbubnagar.png
Adi Hindu,50-60,MARRIED,6398,4459,1939,Mahbubnagar.png
Adi Hindu,50-60,WIDOWED,3156,698,2458,Mahbubnagar.png
Adi Hindu,60 and over,POPULATION,7343,3690,3653,Mahbubnagar.png
Adi Hindu,60 and over,UNMARRIED,182,144,38,Mahbubnagar.png
Adi Hindu,60 and over,MARRIED,4042,2867,1175,Mahbubnagar.png
Adi Hindu,60 and over,WIDOWED,3119,679,2440,Mahbubnagar.png
All Religions,0-1,POPULATION,21067,10903,10164,Medak.png
All Religions,0-1,UNMARRIED,20995,10878,10117,Medak.png
All Religions,0-1,MARRIED,72,25,47,Medak.png
All Religions,0-1,WIDOWED,0,0,0,Medak.png
All Religions,1-5,POPULATION,107696,47915,59781,Medak.png
All Religions,1-5,UNMARRIED,94977,47340,47637,Medak.png
All Religions,1-5,MARRIED,12551,569,11982,Medak.png
All Religions,1-5,WIDOWED,168,6,162,Medak.png
All Religions,5-10,POPULATION,83485,41369,42116,Medak.png
All Religions,5-10,UNMARRIED,58206,37783,20423,Medak.png
All Religions,5-10,MARRIED,24237,3550,20687,Medak.png
All Religions,5-10,WIDOWED,1042,36,1006,Medak.png
All Religions,10-15,POPULATION,76726,34891,41835,Medak.png
All Religions,10-15,UNMARRIED,39907,26216,13691,Medak.png
All Religions,10-15,MARRIED,35008,8589,26419,Medak.png
All Religions,10-15,WIDOWED,1811,86,1725,Medak.png
All Religions,15-20,POPULATION,67722,31380,36342,Medak.png
All Religions,15-20,UNMARRIED,16255,14131,2124,Medak.png
All Religions,15-20,MARRIED,48715,17045,31670,Medak.png
All Religions,15-20,WIDOWED,2752,204,2548,Medak.png
All Religions,20-30,POPULATION,136497,69147,67350,Medak.png
All Religions,20-30,UNMARRIED,15914,14210,1704,Medak.png
All Religions,20-30,MARRIED,112445,53746,58699,Medak.png
All Religions,20-30,WIDOWED,8138,1191,6947,Medak.png
All Religions,30-40,POPULATION,95746,54263,41483,Medak.png
All Religions,30-40,UNMARRIED,4430,3557,873,Medak.png
All Religions,30-40,MARRIED,78645,48426,30219,Medak.png
All Religions,30-40,WIDOWED,12671,2280,10391,Medak.png
All Religions,40-50,POPULATION,69682,40488,29194,Medak.png
All Religions,40-50,UNMARRIED,2350,1740,610,Medak.png
All Religions,40-50,MARRIED,49139,35140,13999,Medak.png
All Religions,40-50,WIDOWED,18193,3608,14585,Medak.png
All Religions,50-60,POPULATION,43035,24013,19022,Medak.png
All Religions,50-60,UNMARRIED,1024,734,290,Medak.png
All Religions,50-60,MARRIED,24800,19444,5356,Medak.png
All Religions,50-60,WIDOWED,17211,3835,13376,Medak.png
All Religions,60 and over,POPULATION,37009,19106,17903,Medak.png
All Religions,60 and over,UNMARRIED,1080,803,277,Medak.png
All Religions,60 and over,MARRIED,17043,13448,3595,Medak.png
All Religions,60 and over,WIDOWED,18886,4855,14031,Medak.png
All Religions,Total,POPULATION,738665,373475,365190,Medak.png
All Religions,Total,UNMARRIED,255138,157392,97746,Medak.png
All Religions,Total,MARRIED,402655,199982,202673,Medak.png
All Religions,Total,WIDOWED,80872,16101,64771,Medak.png
Hindu (Brahmanic),0-1,POPULATION,14502,7856,6646,Medak.png
Hindu (Brahmanic),0-1,UNMARRIED,14464,7844,6620,Medak.png
Hindu (Brahmanic),0-1,MARRIED,38,12,26,Medak.png
Hindu (Brahmanic),0-1,WIDOWED,0,0,0,Medak.png
Hindu (Brahmanic),1-5,POPULATION,75004,32631,42373,Medak.png
Hindu (Brahmanic),1-5,UNMARRIED,63037,32034,31003,Medak.png
Hindu (Brahmanic),1-5,MARRIED,11848,593,11255,Medak.png
Hindu (Brahmanic),1-5,WIDOWED,119,4,115,Medak.png
Hindu (Brahmanic),5-10,POPULATION,62183,30644,31539,Medak.png
Hindu (Brahmanic),5-10,UNMARRIED,41606,27990,13616,Medak.png
Hindu (Brahmanic),5-10,MARRIED,19691,2630,17061,Medak.png
Hindu (Brahmanic),5-10,WIDOWED,886,24,862,Medak.png
Hindu (Brahmanic),10-15,POPULATION,51556,21864,29692,Medak.png
Hindu (Brahmanic),10-15,UNMARRIED,23636,15278,8358,Medak.png
Hindu (Brahmanic),10-15,MARRIED,26477,6518,19959,Medak.png
Hindu (Brahmanic),10-15,WIDOWED,1443,68,1375,Medak.png
Hindu (Brahmanic),15-20,POPULATION,46089,20441,25648,Medak.png
Hindu (Brahmanic),15-20,UNMARRIED,9299,8368,931,Medak.png
Hindu (Brahmanic),15-20,MARRIED,34479,11923,22556,Medak.png
Hindu (Brahmanic),15-20,WIDOWED,2311,150,2161,Medak.png
Hindu (Brahmanic),20-30,POPULATION,91848,47531,44317,Medak.png
Hindu (Brahmanic),20-30,UNMARRIED,9598,8810,788,Medak.png
Hindu (Brahmanic),20-30,MARRIED,76113,37838,38275,Medak.png
Hindu (Brahmanic),20-30,WIDOWED,6137,883,5254,Medak.png
Hindu (Brahmanic),30-40,POPULATION,64485,38229,26256,Medak.png
Hindu (Brahmanic),30-40,UNMARRIED,3239,2621,618,Medak.png
Hindu (Brahmanic),30-40,MARRIED,52380,33936,18444,Medak.png
Hindu (Brahmanic),30-40,WIDOWED,8866,1672,7194,Medak.png
Hindu (Brahmanic),40-50,POPULATION,48029,28515,19514,Medak.png
Hindu (Brahmanic),40-50,UNMARRIED,1631,1204,427,Medak.png
Hindu (Brahmanic),40-50,MARRIED,33420,24727,8693,Medak.png
Hindu (Brahmanic),40-50,WIDOWED,12978,2584,10394,Medak.png
Hindu (Brahmanic),50-60,POPULATION,29537,16712,12825,Medak.png
Hindu (Brahmanic),50-60,UNMARRIED,814,607,207,Medak.png
Hindu (Brahmanic),50-60,MARRIED,16693,13360,3333,Medak.png
Hindu (Brahmanic),50-60,WIDOWED,12030,2745,9285,Medak.png
Hindu (Brahmanic),60 and over,POPULATION,25457,12688,12769,Medak.png
Hindu (Brahmanic),60 and over,UNMARRIED,836,649,187,Medak.png
Hindu (Brahmanic),60 and over,MARRIED,10995,8515,2480,Medak.png
Hindu (Brahmanic),60 and over,WIDOWED,13626,3524,10102,Medak.png
Hindu (Brahmanic),Total,POPULATION,508690,256911,251779,Medak.png
Hindu (Brahmanic),Total,UNMARRIED,168160,105405,62755,Medak.png
Hindu (Brahmanic),Total,MARRIED,282134,139852,142282,Medak.png
Hindu (Brahmanic),Total,WIDOWED,58396,11654,46742,Medak.png
Adi Hindu,0-1,POPULATION,4242,1907,2335,Medak.png
Adi Hindu,0-1,UNMARRIED,4222,1897,2325,Medak.png
Adi Hindu,0-1,MARRIED,20,10,10,Medak.png
Adi Hindu,0-1,WIDOWED,0,0,0,Medak.png
Adi Hindu,1-5,POPULATION,19733,9707,10026,Medak.png
Adi Hindu,1-5,UNMARRIED,19314,9567,9747,Medak.png
Adi Hindu,1-5,MARRIED,399,138,261,Medak.png
Adi Hindu,1-5,WIDOWED,20,2,18,Medak.png
Adi Hindu,5-10,POPULATION,13010,6419,6591,Medak.png
Adi Hindu,5-10,UNMARRIED,9215,5691,3524,Medak.png
Adi Hindu,5-10,MARRIED,3715,717,2998,Medak.png
Adi Hindu,5-10,WIDOWED,80,11,69,Medak.png
Adi Hindu,10-15,POPULATION,14456,7065,7391,Medak.png
Adi Hindu,10-15,UNMARRIED,7986,5588,2398,Medak.png
Adi Hindu,10-15,MARRIED,6257,1463,4794,Medak.png
Adi Hindu,10-15,WIDOWED,213,14,199,Medak.png
Adi Hindu,15-20,POPULATION,12312,5801,6511,Medak.png
Adi Hindu,15-20,UNMARRIED,2711,2200,511,Medak.png
Adi Hindu,15-20,MARRIED,9342,3569,5773,Medak.png
Adi Hindu,15-20,WIDOWED,259,32,227,Medak.png
Adi Hindu,20-30,POPULATION,25039,12107,12932,Medak.png
Adi Hindu,20-30,UNMARRIED,2376,1811,565,Medak.png
Adi Hindu,20-30,MARRIED,21448,10121,11327,Medak.png
Adi Hindu,20-30,WIDOWED,1215,175,1040,Medak.png
Adi Hindu,30-40,POPULATION,18087,9509,8578,Medak.png
Adi Hindu,30-40,UNMARRIED,640,487,153,Medak.png
Adi Hindu,30-40,MARRIED,15264,8635,6629,Medak.png
Adi Hindu,30-40,WIDOWED,2183,387,1796,Medak.png
Adi Hindu,40-50,POPULATION,12515,7181,5334,Medak.png
Adi Hindu,40-50,UNMARRIED,522,415,107,Medak.png
Adi Hindu,40-50,MARRIED,9024,6081,2943,Medak.png
Adi Hindu,40-50,WIDOWED,2969,685,2284,Medak.png
Adi Hindu,50-60,POPULATION,7425,4252,3173,Medak.png
Adi Hindu,50-60,UNMARRIED,119,68,51,Medak.png
Adi Hindu,50-60,MARRIED,4490,3476,1014,Medak.png
Adi Hindu,50-60,WIDOWED,2816,708,2108,Medak.png
Adi Hindu,60 and over,POPULATION,6780,3995,2785,Medak.png
Adi Hindu,60 and over,UNMARRIED,165,124,41,Medak.png
Adi Hindu,60 and over,MARRIED,3571,3071,500,Medak.png
Adi Hindu,60 and over,WIDOWED,3044,800,2244,Medak.png
Adi Hindu,Total,POPULATION,133599,67943,65656,Medak.png
Adi Hindu,Total,UNMARRIED,47270,27848,19422,Medak.png
Adi Hindu,Total,MARRIED,73530,37281,36249,Medak.png
Adi Hindu,Total,WIDOWED,12799,2814,9985,Medak.png
All Religions,Total,POPULATION,1133409,580897,552512,Nalgonda.png
All Religions,Total,UNMARRIED,455748,274799,180949,Nalgonda.png
All Religions,Total,MARRIED,576842,288587,288255,Nalgonda.png
All Religions,Total,WIDOWED,100819,17511,83308,Nalgonda.png
All Religions,0-1,POPULATION,35418,16738,18680,Nalgonda.png
All Religions,0-1,UNMARRIED,35385,16735,18650,Nalgonda.png
All Religions,0-1,MARRIED,33,3,30,Nalgonda.png
All Religions,0-1,WIDOWED,0,0,0,Nalgonda.png
All Religions,1-5,POPULATION,158767,78237,80530,Nalgonda.png
All Religions,1-5,UNMARRIED,153244,77274,75970,Nalgonda.png
All Religions,1-5,MARRIED,5330,947,4383,Nalgonda.png
All Religions,1-5,WIDOWED,193,16,177,Nalgonda.png
All Religions,5-10,POPULATION,147732,76174,71558,Nalgonda.png
All Religions,5-10,UNMARRIED,123003,71501,51502,Nalgonda.png
All Religions,5-10,MARRIED,24105,4640,19465,Nalgonda.png
All Religions,5-10,WIDOWED,624,33,591,Nalgonda.png
All Religions,10-15,POPULATION,130205,70399,59806,Nalgonda.png
All Religions,10-15,UNMARRIED,84567,58721,25846,Nalgonda.png
All Religions,10-15,MARRIED,44678,11614,33064,Nalgonda.png
All Religions,10-15,WIDOWED,960,64,896,Nalgonda.png
All Religions,15-20,POPULATION,104454,52080,52374,Nalgonda.png
All Religions,15-20,UNMARRIED,29593,26528,3065,Nalgonda.png
All Religions,15-20,MARRIED,72740,25339,47401,Nalgonda.png
All Religions,15-20,WIDOWED,2121,213,1908,Nalgonda.png
All Religions,20-30,POPULATION,201848,98595,103253,Nalgonda.png
All Religions,20-30,UNMARRIED,22525,19712,2813,Nalgonda.png
All Religions,20-30,MARRIED,169367,77461,91906,Nalgonda.png
All Religions,20-30,WIDOWED,9956,1422,8534,Nalgonda.png
All Religions,30-40,POPULATION,146629,75740,70889,Nalgonda.png
All Religions,30-40,UNMARRIED,3712,2370,1342,Nalgonda.png
All Religions,30-40,MARRIED,124464,70849,53615,Nalgonda.png
All Religions,30-40,WIDOWED,18453,2521,15932,Nalgonda.png
All Religions,40-50,POPULATION,99874,55600,44274,Nalgonda.png
All Religions,40-50,UNMARRIED,1764,997,767,Nalgonda.png
All Religions,40-50,MARRIED,74382,50673,23709,Nalgonda.png
All Religions,40-50,WIDOWED,23728,3930,19798,Nalgonda.png
All Religions,50-60,POPULATION,61750,33886,27864,Nalgonda.png
All Religions,50-60,UNMARRIED,983,543,440,Nalgonda.png
All Religions,50-60,MARRIED,39147,29046,10101,Nalgonda.png
All Religions,50-60,WIDOWED,21620,4297,17323,Nalgonda.png
All Religions,60 and over,POPULATION,46732,23448,23284,Nalgonda.png
All Religions,60 and over,UNMARRIED,972,418,554,Nalgonda.png
All Religions,60 and over,MARRIED,22596,18015,4581,Nalgonda.png
All Religions,60 and over,WIDOWED,23164,5015,18149,Nalgonda.png
Hindu (Brahmanic),0-1,POPULATION,23810,11196,12614,Nalgonda.png
Hindu (Brahmanic),0-1,UNMARRIED,23794,11193,12601,Nalgonda.png
Hindu (Brahmanic),0-1,MARRIED,16,3,13,Nalgonda.png
Hindu (Brahmanic),0-1,WIDOWED,0,0,0,Nalgonda.png
Hindu (Brahmanic),1-5,POPULATION,106598,51863,54735,Nalgonda.png
Hindu (Brahmanic),1-5,UNMARRIED,102156,51126,51030,Nalgonda.png
Hindu (Brahmanic),1-5,MARRIED,4288,724,3564,Nalgonda.png
Hindu (Brahmanic),1-5,WIDOWED,154,13,141,Nalgonda.png
Hindu (Brahmanic),5-10,POPULATION,102084,52200,49884,Nalgonda.png
Hindu (Brahmanic),5-10,UNMARRIED,82498,48525,33973,Nalgonda.png
Hindu (Brahmanic),5-10,MARRIED,19063,3649,15414,Nalgonda.png
Hindu (Brahmanic),5-10,WIDOWED,523,26,497,Nalgonda.png
Hindu (Brahmanic),10-15,POPULATION,90497,48993,41504,Nalgonda.png
Hindu (Brahmanic),10-15,UNMARRIED,56010,39745,16265,Nalgonda.png
Hindu (Brahmanic),10-15,MARRIED,33766,9190,24576,Nalgonda.png
Hindu (Brahmanic),10-15,WIDOWED,721,58,663,Nalgonda.png
Hindu (Brahmanic),15-20,POPULATION,73121,36453,36668,Nalgonda.png
Hindu (Brahmanic),15-20,UNMARRIED,19213,17339,1874,Nalgonda.png
Hindu (Brahmanic),15-20,MARRIED,52257,18954,33303,Nalgonda.png
Hindu (Brahmanic),15-20,WIDOWED,1651,160,1491,Nalgonda.png
Hindu (Brahmanic),20-30,POPULATION,138764,67813,70951,Nalgonda.png
Hindu (Brahmanic),20-30,UNMARRIED,14904,13038,1866,Nalgonda.png
Hindu (Brahmanic),20-30,MARRIED,116095,53692,62403,Nalgonda.png
Hindu (Brahmanic),20-30,WIDOWED,7765,1083,6682,Nalgonda.png
Hindu (Brahmanic),30-40,POPULATION,100691,52361,48330,Nalgonda.png
Hindu (Brahmanic),30-40,UNMARRIED,2666,1794,872,Nalgonda.png
Hindu (Brahmanic),30-40,MARRIED,84194,48622,35572,Nalgonda.png
Hindu (Brahmanic),30-40,WIDOWED,13831,1945,11886,Nalgonda.png
Hindu (Brahmanic),40-50,POPULATION,68097,37844,30253,Nalgonda.png
Hindu (Brahmanic),40-50,UNMARRIED,1305,673,632,Nalgonda.png
Hindu (Brahmanic),40-50,MARRIED,49261,34193,15068,Nalgonda.png
Hindu (Brahmanic),40-50,WIDOWED,17531,2978,14553,Nalgonda.png
Hindu (Brahmanic),50-60,POPULATION,43946,24197,19749,Nalgonda.png
Hindu (Brahmanic),50-60,UNMARRIED,786,425,361,Nalgonda.png
Hindu (Brahmanic),50-60,MARRIED,27113,20549,6564,Nalgonda.png
Hindu (Brahmanic),50-60,WIDOWED,16047,3223,12824,Nalgonda.png
Hindu (Brahmanic),60 and over,POPULATION,32832,16329,16503,Nalgonda.png
Hindu (Brahmanic),60 and over,UNMARRIED,700,308,392,Nalgonda.png
Hindu (Brahmanic),60 and over,MARRIED,15058,12321,2737,Nalgonda.png
Hindu (Brahmanic),60 and over,WIDOWED,17074,3700,13374,Nalgonda.png
Hindu (Brahmanic),Total,POPULATION,780440,399249,381191,Nalgonda.png
Hindu (Brahmanic),Total,UNMARRIED,304032,184166,119866,Nalgonda.png
Hindu (Brahmanic),Total,MARRIED,401111,201897,199214,Nalgonda.png
Hindu (Brahmanic),Total,WIDOWED,75297,13186,62111,Nalgonda.png
Adi Hindu,Total,POPULATION,208980,106897,102083,Nalgonda.png
Adi Hindu,Total,UNMARRIED,85605,51687,33918,Nalgonda.png
Adi Hindu,Total,MARRIED,107552,52644,54908,Nalgonda.png
Adi Hindu,Total,WIDOWED,15823,2566,13257,Nalgonda.png
Adi Hindu,0-1,POPULATION,7054,3151,3903,Nalgonda.png
Adi Hindu,0-1,UNMARRIED,7046,3151,3895,Nalgonda.png
Adi Hindu,0-1,MARRIED,8,0,8,Nalgonda.png
Adi Hindu,0-1,WIDOWED,0,0,0,Nalgonda.png
Adi Hindu,1-5,POPULATION,31015,15323,15692,Nalgonda.png
Adi Hindu,1-5,UNMARRIED,30424,15206,15218,Nalgonda.png
Adi Hindu,1-5,MARRIED,561,115,446,Nalgonda.png
Adi Hindu,1-5,WIDOWED,30,2,28,Nalgonda.png
Adi Hindu,5-10,POPULATION,26058,13607,12451,Nalgonda.png
Adi Hindu,5-10,UNMARRIED,22513,13069,9444,Nalgonda.png
Adi Hindu,5-10,MARRIED,3487,535,2952,Nalgonda.png
Adi Hindu,5-10,WIDOWED,58,3,55,Nalgonda.png
Adi Hindu,10-15,POPULATION,23010,12649,10361,Nalgonda.png
Adi Hindu,10-15,UNMARRIED,15499,11055,4444,Nalgonda.png
Adi Hindu,10-15,MARRIED,7319,1590,5729,Nalgonda.png
Adi Hindu,10-15,WIDOWED,192,4,188,Nalgonda.png
Adi Hindu,15-20,POPULATION,18876,9390,9486,Nalgonda.png
Adi Hindu,15-20,UNMARRIED,5502,5176,326,Nalgonda.png
Adi Hindu,15-20,MARRIED,13006,4186,8820,Nalgonda.png
Adi Hindu,15-20,WIDOWED,368,28,340,Nalgonda.png
Adi Hindu,20-30,POPULATION,37774,18179,19595,Nalgonda.png
Adi Hindu,20-30,UNMARRIED,3875,3581,294,Nalgonda.png
Adi Hindu,20-30,MARRIED,32365,14362,18003,Nalgonda.png
Adi Hindu,20-30,WIDOWED,1534,236,1298,Nalgonda.png
Adi Hindu,30-40,POPULATION,27593,13847,13746,Nalgonda.png
Adi Hindu,30-40,UNMARRIED,371,240,131,Nalgonda.png
Adi Hindu,30-40,MARRIED,24171,13264,10907,Nalgonda.png
Adi Hindu,30-40,WIDOWED,3051,343,2708,Nalgonda.png
Adi Hindu,40-50,POPULATION,20006,10939,9067,Nalgonda.png
Adi Hindu,40-50,UNMARRIED,181,112,69,Nalgonda.png
Adi Hindu,40-50,MARRIED,15778,10269,5509,Nalgonda.png
Adi Hindu,40-50,WIDOWED,4047,558,3489,Nalgonda.png
Adi Hindu,50-60,POPULATION,10430,5800,4630,Nalgonda.png
Adi Hindu,50-60,UNMARRIED,107,55,52,Nalgonda.png
Adi Hindu,50-60,MARRIED,6955,5106,1849,Nalgonda.png
Adi Hindu,50-60,WIDOWED,3368,639,2729,Nalgonda.png
Adi Hindu,60 and over,POPULATION,7164,4012,3152,Nalgonda.png
Adi Hindu,60 and over,UNMARRIED,87,42,45,Nalgonda.png
Adi Hindu,60 and over,MARRIED,3902,3217,685,Nalgonda.png
Adi Hindu,60 and over,WIDOWED,3175,753,2422,Nalgonda.png
